phonon_energy_mev,alpha2f_dimensionless
3.125000000000000000e-02,0.000000000000000000e+00
2.484375000000000000e+00,0.000000000000000000e+00
2.515625000000000000e+00,1.587301587301587300e-04
2.578125000000000000e+00,1.587301587301587300e-04
2.609375000000000000e+00,3.174603174603174600e-04
2.640625000000000000e+00,3.174603174603174600e-04
2.687500000000000000e+00,4.761904761904761901e-04
2.718750000000000000e+00,6.349206349206349201e-04
2.750000000000000000e+00,6.349206349206349201e-04
2.781250000000000000e+00,7.936507936507936501e-04
2.812500000000000000e+00,9.523809523809523801e-04
2.843750000000000000e+00,1.269841269841269840e-03
2.875000000000000000e+00,1.428571428571428570e-03
2.906250000000000000e+00,1.587301587301587300e-03
2.937500000000000000e+00,1.904761904761904760e-03
2.968750000000000000e+00,2.222222222222222220e-03
3.000000000000000000e+00,2.380952380952381167e-03
3.031250000000000000e+00,2.698412698412698627e-03
3.062500000000000000e+00,3.015873015873016087e-03
3.093750000000000000e+00,3.333333333333333547e-03
3.125000000000000000e+00,3.650793650793651007e-03
3.156250000000000000e+00,4.126984126984127414e-03
3.187500000000000000e+00,4.444444444444444441e-03
3.218750000000000000e+00,4.761904761904762334e-03
3.250000000000000000e+00,5.079365079365079361e-03
3.281250000000000000e+00,5.396825396825397254e-03
3.312500000000000000e+00,5.714285714285714281e-03
3.359375000000000000e+00,6.031746031746032174e-03
3.390625000000000000e+00,6.349206349206349201e-03
3.421875000000000000e+00,6.666666666666667095e-03
3.453125000000000000e+00,6.825396825396825608e-03
3.484375000000000000e+00,6.984126984126984121e-03
3.515625000000000000e+00,7.142857142857142634e-03
3.546875000000000000e+00,7.301587301587302015e-03
3.578125000000000000e+00,7.301587301587302015e-03
3.609375000000000000e+00,7.460317460317460528e-03
3.640625000000000000e+00,7.460317460317460528e-03
3.671875000000000000e+00,7.460317460317460528e-03
3.703125000000000000e+00,7.301587301587302015e-03
3.734375000000000000e+00,7.301587301587302015e-03
3.765625000000000000e+00,7.301587301587302015e-03
3.796875000000000000e+00,7.142857142857142634e-03
3.828125000000000000e+00,7.142857142857142634e-03
3.859375000000000000e+00,7.142857142857142634e-03
3.890625000000000000e+00,7.301587301587302015e-03
3.921875000000000000e+00,7.301587301587302015e-03
3.953125000000000000e+00,7.460317460317460528e-03
4.000000000000000000e+00,7.619047619047619041e-03
4.031250000000000000e+00,7.936507936507936067e-03
4.062500000000000000e+00,8.253968253968254828e-03
4.093750000000000000e+00,8.571428571428571855e-03
4.125000000000000000e+00,9.047619047619047394e-03
4.156250000000000000e+00,9.523809523809524669e-03
4.187500000000000000e+00,1.000000000000000021e-02
4.218750000000000000e+00,1.047619047619047575e-02
4.250000000000000000e+00,1.095238095238095302e-02
4.281250000000000000e+00,1.158730158730158707e-02
4.312500000000000000e+00,1.206349206349206435e-02
4.343750000000000000e+00,1.269841269841269840e-02
4.375000000000000000e+00,1.317460317460317394e-02
4.406250000000000000e+00,1.365079365079365122e-02
4.437500000000000000e+00,1.412698412698412676e-02
4.468750000000000000e+00,1.460317460317460403e-02
4.500000000000000000e+00,1.492063492063492106e-02
4.531250000000000000e+00,1.539682539682539660e-02
4.562500000000000000e+00,1.571428571428571536e-02
4.593750000000000000e+00,1.603174603174603238e-02
4.625000000000000000e+00,1.619047619047618916e-02
4.671875000000000000e+00,1.650793650793650966e-02
4.703125000000000000e+00,1.666666666666666644e-02
4.734375000000000000e+00,1.682539682539682668e-02
4.765625000000000000e+00,1.698412698412698346e-02
4.796875000000000000e+00,1.698412698412698346e-02
4.828125000000000000e+00,1.698412698412698346e-02
4.859375000000000000e+00,1.714285714285714371e-02
4.890625000000000000e+00,1.698412698412698346e-02
4.921875000000000000e+00,1.698412698412698346e-02
4.953125000000000000e+00,1.682539682539682668e-02
4.984375000000000000e+00,1.666666666666666644e-02
5.015625000000000000e+00,1.650793650793650966e-02
5.046875000000000000e+00,1.634920634920634941e-02
5.078125000000000000e+00,1.603174603174603238e-02
5.109375000000000000e+00,1.571428571428571536e-02
5.140625000000000000e+00,1.539682539682539660e-02
5.171875000000000000e+00,1.523809523809523808e-02
5.203125000000000000e+00,1.492063492063492106e-02
5.234375000000000000e+00,1.460317460317460403e-02
5.265625000000000000e+00,1.444444444444444378e-02
5.296875000000000000e+00,1.412698412698412676e-02
5.343750000000000000e+00,1.412698412698412676e-02
5.375000000000000000e+00,1.396825396825396824e-02
5.406250000000000000e+00,1.396825396825396824e-02
5.437500000000000000e+00,1.412698412698412676e-02
5.468750000000000000e+00,1.444444444444444378e-02
5.500000000000000000e+00,1.460317460317460403e-02
5.531250000000000000e+00,1.507936507936507957e-02
5.562500000000000000e+00,1.555555555555555511e-02
5.593750000000000000e+00,1.603174603174603238e-02
5.625000000000000000e+00,1.650793650793650966e-02
5.656250000000000000e+00,1.714285714285714371e-02
5.687500000000000000e+00,1.793650793650793801e-02
5.718750000000000000e+00,1.857142857142857206e-02
5.750000000000000000e+00,1.920634920634920612e-02
5.781250000000000000e+00,2.000000000000000042e-02
5.812500000000000000e+00,2.063492063492063447e-02
5.843750000000000000e+00,2.126984126984126852e-02
5.875000000000000000e+00,2.190476190476190604e-02
5.906250000000000000e+00,2.253968253968254010e-02
5.937500000000000000e+00,2.301587301587301737e-02
5.968750000000000000e+00,2.365079365079365142e-02
6.015625000000000000e+00,2.396825396825396845e-02
6.046875000000000000e+00,2.444444444444444572e-02
6.078125000000000000e+00,2.476190476190476275e-02
6.109375000000000000e+00,2.492063492063491953e-02
6.140625000000000000e+00,2.523809523809523656e-02
6.171875000000000000e+00,2.523809523809523656e-02
6.203125000000000000e+00,2.539682539682539680e-02
6.234375000000000000e+00,2.539682539682539680e-02
6.265625000000000000e+00,2.523809523809523656e-02
6.296875000000000000e+00,2.507936507936507978e-02
6.328125000000000000e+00,2.492063492063491953e-02
6.359375000000000000e+00,2.476190476190476275e-02
6.390625000000000000e+00,2.444444444444444572e-02
6.421875000000000000e+00,2.412698412698412870e-02
6.453125000000000000e+00,2.365079365079365142e-02
6.484375000000000000e+00,2.333333333333333440e-02
6.515625000000000000e+00,2.285714285714285712e-02
6.546875000000000000e+00,2.238095238095237985e-02
6.578125000000000000e+00,2.190476190476190604e-02
6.609375000000000000e+00,2.142857142857142877e-02
6.640625000000000000e+00,2.095238095238095150e-02
6.687500000000000000e+00,2.063492063492063447e-02
6.718750000000000000e+00,2.031746031746031744e-02
6.750000000000000000e+00,2.000000000000000042e-02
6.781250000000000000e+00,1.984126984126984017e-02
6.812500000000000000e+00,1.984126984126984017e-02
6.843750000000000000e+00,1.984126984126984017e-02
6.875000000000000000e+00,2.000000000000000042e-02
6.906250000000000000e+00,2.031746031746031744e-02
6.937500000000000000e+00,2.063492063492063447e-02
6.968750000000000000e+00,2.111111111111111174e-02
7.000000000000000000e+00,2.174603174603174580e-02
7.031250000000000000e+00,2.238095238095237985e-02
7.062500000000000000e+00,2.317460317460317415e-02
7.093750000000000000e+00,2.396825396825396845e-02
7.125000000000000000e+00,2.492063492063491953e-02
7.156250000000000000e+00,2.571428571428571383e-02
7.187500000000000000e+00,2.666666666666666838e-02
7.218750000000000000e+00,2.761904761904761946e-02
7.250000000000000000e+00,2.857142857142857054e-02
7.281250000000000000e+00,2.936507936507936484e-02
7.312500000000000000e+00,3.015873015873015914e-02
7.359375000000000000e+00,3.095238095238095344e-02
7.390625000000000000e+00,3.158730158730158749e-02
7.421875000000000000e+00,3.206349206349206477e-02
7.453125000000000000e+00,3.253968253968254204e-02
7.484375000000000000e+00,3.285714285714285560e-02
7.515625000000000000e+00,3.317460317460317609e-02
7.546875000000000000e+00,3.333333333333333287e-02
7.578125000000000000e+00,3.333333333333333287e-02
7.609375000000000000e+00,3.317460317460317609e-02
7.640625000000000000e+00,3.301587301587301931e-02
7.671875000000000000e+00,3.269841269841269882e-02
7.703125000000000000e+00,3.238095238095237832e-02
7.734375000000000000e+00,3.190476190476190799e-02
7.765625000000000000e+00,3.142857142857143071e-02
7.796875000000000000e+00,3.095238095238095344e-02
7.828125000000000000e+00,3.031746031746031592e-02
7.859375000000000000e+00,2.984126984126984211e-02
7.890625000000000000e+00,2.920634920634920806e-02
7.921875000000000000e+00,2.873015873015873078e-02
7.953125000000000000e+00,2.841269841269841376e-02
7.984375000000000000e+00,2.793650793650793648e-02
8.031250000000000000e+00,2.777777777777777624e-02
8.062500000000000000e+00,2.761904761904761946e-02
8.093750000000000000e+00,2.746031746031745921e-02
8.125000000000000000e+00,2.761904761904761946e-02
8.156250000000000000e+00,2.793650793650793648e-02
8.187500000000000000e+00,2.825396825396825351e-02
8.218750000000000000e+00,2.873015873015873078e-02
8.250000000000000000e+00,2.952380952380952508e-02
8.281250000000000000e+00,3.015873015873015914e-02
8.312500000000000000e+00,3.111111111111111022e-02
8.343750000000000000e+00,3.206349206349206477e-02
8.375000000000000000e+00,3.301587301587301931e-02
8.406250000000000000e+00,3.396825396825396692e-02
8.437500000000000000e+00,3.492063492063492147e-02
8.468750000000000000e+00,3.587301587301587602e-02
8.500000000000000000e+00,3.682539682539682363e-02
8.531250000000000000e+00,3.761904761904762140e-02
8.562500000000000000e+00,3.841269841269841223e-02
8.593750000000000000e+00,3.904761904761904628e-02
8.625000000000000000e+00,3.968253968253968034e-02
8.671875000000000000e+00,4.000000000000000083e-02
8.703125000000000000e+00,4.031746031746031439e-02
8.734375000000000000e+00,4.047619047619047811e-02
8.765625000000000000e+00,4.047619047619047811e-02
8.796875000000000000e+00,4.031746031746031439e-02
8.828125000000000000e+00,4.015873015873015761e-02
8.859375000000000000e+00,4.000000000000000083e-02
8.890625000000000000e+00,3.968253968253968034e-02
8.921875000000000000e+00,3.936507936507936678e-02
8.953125000000000000e+00,3.904761904761904628e-02
8.984375000000000000e+00,3.873015873015873273e-02
9.015625000000000000e+00,3.841269841269841223e-02
9.046875000000000000e+00,3.825396825396825545e-02
9.078125000000000000e+00,3.825396825396825545e-02
9.109375000000000000e+00,3.825396825396825545e-02
9.140625000000000000e+00,3.841269841269841223e-02
9.171875000000000000e+00,3.873015873015873273e-02
9.203125000000000000e+00,3.920634920634920306e-02
9.234375000000000000e+00,3.968253968253968034e-02
9.265625000000000000e+00,4.047619047619047811e-02
9.296875000000000000e+00,4.126984126984126894e-02
9.343750000000000000e+00,4.222222222222222349e-02
9.375000000000000000e+00,4.317460317460317804e-02
9.406250000000000000e+00,4.428571428571428242e-02
9.437500000000000000e+00,4.523809523809523697e-02
9.468750000000000000e+00,4.634920634920634830e-02
9.500000000000000000e+00,4.714285714285714607e-02
9.531250000000000000e+00,4.809523809523809368e-02
9.562500000000000000e+00,4.873015873015872773e-02
9.593750000000000000e+00,4.936507936507936178e-02
9.625000000000000000e+00,4.968253968253968228e-02
9.656250000000000000e+00,4.984126984126983906e-02
9.687500000000000000e+00,4.968253968253968228e-02
9.718750000000000000e+00,4.936507936507936178e-02
9.750000000000000000e+00,4.888888888888889145e-02
9.781250000000000000e+00,4.809523809523809368e-02
9.812500000000000000e+00,4.714285714285714607e-02
9.843750000000000000e+00,4.603174603174603474e-02
9.875000000000000000e+00,4.492063492063492341e-02
9.906250000000000000e+00,4.349206349206349159e-02
9.937500000000000000e+00,4.222222222222222349e-02
9.968750000000000000e+00,4.095238095238095538e-02
1.001562500000000000e+01,3.952380952380952356e-02
1.004687500000000000e+01,3.841269841269841223e-02
1.007812500000000000e+01,3.730158730158730090e-02
1.010937500000000000e+01,3.650793650793651007e-02
1.014062500000000000e+01,3.587301587301587602e-02
1.017187500000000000e+01,3.555555555555555552e-02
1.020312500000000000e+01,3.539682539682539875e-02
1.023437500000000000e+01,3.555555555555555552e-02
1.026562500000000000e+01,3.603174603174603280e-02
1.029687500000000000e+01,3.698412698412698735e-02
1.032812500000000000e+01,3.809523809523809867e-02
1.035937500000000000e+01,3.936507936507936678e-02
1.039062500000000000e+01,4.111111111111111216e-02
1.042187500000000000e+01,4.285714285714285754e-02
1.045312500000000000e+01,4.492063492063492341e-02
1.048437500000000000e+01,4.698412698412698235e-02
1.051562500000000000e+01,4.920634920634920501e-02
1.054687500000000000e+01,5.126984126984127088e-02
1.057812500000000000e+01,5.333333333333333676e-02
1.060937500000000000e+01,5.523809523809523891e-02
1.064062500000000000e+01,5.698412698412698429e-02
1.068750000000000000e+01,5.841269841269841612e-02
1.071875000000000000e+01,5.952380952380952051e-02
1.075000000000000000e+01,6.047619047619047505e-02
1.078125000000000000e+01,6.095238095238095233e-02
1.081250000000000000e+01,6.111111111111110911e-02
1.084375000000000000e+01,6.111111111111110911e-02
1.087500000000000000e+01,6.063492063492063183e-02
1.090625000000000000e+01,5.999999999999999778e-02
1.093750000000000000e+01,5.904761904761905017e-02
1.096875000000000000e+01,5.809523809523809562e-02
1.100000000000000000e+01,5.698412698412698429e-02
1.103125000000000000e+01,5.603174603174602975e-02
1.106250000000000000e+01,5.507936507936508214e-02
1.109375000000000000e+01,5.428571428571428437e-02
1.112500000000000000e+01,5.365079365079365031e-02
1.115625000000000000e+01,5.333333333333333676e-02
1.118750000000000000e+01,5.349206349206349353e-02
1.121875000000000000e+01,5.380952380952380709e-02
1.125000000000000000e+01,5.460317460317460486e-02
1.128125000000000000e+01,5.587301587301587297e-02
1.131250000000000000e+01,5.730158730158730479e-02
1.135937500000000000e+01,5.920634920634920695e-02
1.139062500000000000e+01,6.126984126984127282e-02
1.142187500000000000e+01,6.349206349206348854e-02
1.145312500000000000e+01,6.587301587301587491e-02
1.148437500000000000e+01,6.809523809523809756e-02
1.151562500000000000e+01,7.031746031746032022e-02
1.154687500000000000e+01,7.253968253968254287e-02
1.157812500000000000e+01,7.428571428571428825e-02
1.160937500000000000e+01,7.603174603174603363e-02
1.164062500000000000e+01,7.730158730158730174e-02
1.167187500000000000e+01,7.825396825396825629e-02
1.170312500000000000e+01,7.904761904761904712e-02
1.173437500000000000e+01,7.952380952380952439e-02
1.176562500000000000e+01,7.984126984126983795e-02
1.179687500000000000e+01,8.015873015873016538e-02
1.182812500000000000e+01,8.031746031746031522e-02
1.185937500000000000e+01,8.063492063492062878e-02
1.189062500000000000e+01,8.126984126984126977e-02
1.192187500000000000e+01,8.206349206349206060e-02
1.195312500000000000e+01,8.333333333333332871e-02
1.200000000000000000e+01,8.492063492063492425e-02
1.203125000000000000e+01,8.714285714285714690e-02
1.206250000000000000e+01,8.984126984126984683e-02
1.209375000000000000e+01,9.301587301587301015e-02
1.212500000000000000e+01,9.666666666666666463e-02
1.215625000000000000e+01,1.009523809523809462e-01
1.218750000000000000e+01,1.055555555555555552e-01
1.221875000000000000e+01,1.104761904761904778e-01
1.225000000000000000e+01,1.157142857142857140e-01
1.228125000000000000e+01,1.211111111111111138e-01
1.231250000000000000e+01,1.266666666666666774e-01
1.234375000000000000e+01,1.323809523809523769e-01
1.237500000000000000e+01,1.379365079365079405e-01
1.240625000000000000e+01,1.434920634920635041e-01
1.243750000000000000e+01,1.490476190476190399e-01
1.246875000000000000e+01,1.544444444444444398e-01
1.250000000000000000e+01,1.596825396825396759e-01
1.253125000000000000e+01,1.647619047619047483e-01
1.256250000000000000e+01,1.695238095238095211e-01
1.259375000000000000e+01,1.741269841269841301e-01
1.262500000000000000e+01,1.784126984126984117e-01
1.267187500000000000e+01,1.822222222222222299e-01
1.270312500000000000e+01,1.857142857142857206e-01
1.273437500000000000e+01,1.885714285714285843e-01
1.276562500000000000e+01,1.909523809523809568e-01
1.279687500000000000e+01,1.926984126984127021e-01
1.282812500000000000e+01,1.938095238095238204e-01
1.285937500000000000e+01,1.941269841269841201e-01
1.289062500000000000e+01,1.934920634920634930e-01
1.292187500000000000e+01,1.920634920634920750e-01
1.295312500000000000e+01,1.895238095238095111e-01
1.298437500000000000e+01,1.861904761904761840e-01
1.301562500000000000e+01,1.819047619047619024e-01
1.304687500000000000e+01,1.766666666666666663e-01
1.307812500000000000e+01,1.706349206349206393e-01
1.310937500000000000e+01,1.638095238095238215e-01
1.314062500000000000e+01,1.561904761904761851e-01
1.317187500000000000e+01,1.480952380952380854e-01
1.320312500000000000e+01,1.395238095238095222e-01
1.323437500000000000e+01,1.306349206349206316e-01
1.326562500000000000e+01,1.214285714285714274e-01
1.329687500000000000e+01,1.123809523809523869e-01
1.334375000000000000e+01,1.033333333333333326e-01
1.337500000000000000e+01,9.460317460317460569e-02
1.340625000000000000e+01,8.619047619047619235e-02
1.343750000000000000e+01,7.809523809523809257e-02
1.346875000000000000e+01,7.063492063492063378e-02
1.350000000000000000e+01,6.380952380952381597e-02
1.353125000000000000e+01,5.761904761904761835e-02
1.356250000000000000e+01,5.190476190476190493e-02
1.359375000000000000e+01,4.698412698412698235e-02
1.362500000000000000e+01,4.269841269841270076e-02
1.365625000000000000e+01,3.888888888888888951e-02
1.368750000000000000e+01,3.571428571428571230e-02
1.371875000000000000e+01,3.317460317460317609e-02
1.375000000000000000e+01,3.095238095238095344e-02
1.378125000000000000e+01,2.920634920634920806e-02
1.381250000000000000e+01,2.793650793650793648e-02
1.384375000000000000e+01,2.682539682539682516e-02
1.387500000000000000e+01,2.603174603174603086e-02
1.390625000000000000e+01,2.539682539682539680e-02
1.393750000000000000e+01,2.507936507936507978e-02
1.396875000000000000e+01,2.476190476190476275e-02
1.401562500000000000e+01,2.460317460317460250e-02
1.404687500000000000e+01,2.460317460317460250e-02
1.407812500000000000e+01,2.460317460317460250e-02
1.410937500000000000e+01,2.476190476190476275e-02
1.414062500000000000e+01,2.476190476190476275e-02
1.417187500000000000e+01,2.492063492063491953e-02
1.420312500000000000e+01,2.507936507936507978e-02
1.423437500000000000e+01,2.523809523809523656e-02
1.426562500000000000e+01,2.539682539682539680e-02
1.429687500000000000e+01,2.555555555555555705e-02
1.432812500000000000e+01,2.571428571428571383e-02
1.435937500000000000e+01,2.587301587301587408e-02
1.439062500000000000e+01,2.603174603174603086e-02
1.442187500000000000e+01,2.619047619047619110e-02
1.445312500000000000e+01,2.634920634920634788e-02
1.448437500000000000e+01,2.634920634920634788e-02
1.451562500000000000e+01,2.650793650793650813e-02
1.454687500000000000e+01,2.682539682539682516e-02
1.457812500000000000e+01,2.698412698412698540e-02
1.460937500000000000e+01,2.714285714285714218e-02
1.464062500000000000e+01,2.730158730158730243e-02
1.468750000000000000e+01,2.761904761904761946e-02
1.471875000000000000e+01,2.777777777777777624e-02
1.475000000000000000e+01,2.809523809523809673e-02
1.478125000000000000e+01,2.841269841269841376e-02
1.481250000000000000e+01,2.857142857142857054e-02
1.484375000000000000e+01,2.888888888888888756e-02
1.487500000000000000e+01,2.920634920634920806e-02
1.490625000000000000e+01,2.952380952380952508e-02
1.493750000000000000e+01,2.999999999999999889e-02
1.496875000000000000e+01,3.031746031746031592e-02
1.500000000000000000e+01,3.063492063492063641e-02
1.503125000000000000e+01,3.111111111111111022e-02
1.506250000000000000e+01,3.142857142857143071e-02
1.509375000000000000e+01,3.190476190476190799e-02
1.512500000000000000e+01,3.238095238095237832e-02
1.515625000000000000e+01,3.285714285714285560e-02
1.518750000000000000e+01,3.333333333333333287e-02
1.521875000000000000e+01,3.380952380952381015e-02
1.525000000000000000e+01,3.444444444444444420e-02
1.528125000000000000e+01,3.492063492063492147e-02
1.531250000000000000e+01,3.555555555555555552e-02
1.535937500000000000e+01,3.619047619047618958e-02
1.539062500000000000e+01,3.698412698412698735e-02
1.542187500000000000e+01,3.761904761904762140e-02
1.545312500000000000e+01,3.841269841269841223e-02
1.548437500000000000e+01,3.920634920634920306e-02
1.551562500000000000e+01,4.000000000000000083e-02
1.554687500000000000e+01,4.079365079365079166e-02
1.557812500000000000e+01,4.158730158730158943e-02
1.560937500000000000e+01,4.238095238095238027e-02
1.564062500000000000e+01,4.317460317460317804e-02
1.567187500000000000e+01,4.396825396825396887e-02
1.570312500000000000e+01,4.476190476190475970e-02
1.573437500000000000e+01,4.555555555555555747e-02
1.576562500000000000e+01,4.634920634920634830e-02
1.579687500000000000e+01,4.698412698412698235e-02
1.582812500000000000e+01,4.777777777777778012e-02
1.585937500000000000e+01,4.841269841269841417e-02
1.589062500000000000e+01,4.888888888888889145e-02
1.592187500000000000e+01,4.952380952380952550e-02
1.595312500000000000e+01,5.000000000000000278e-02
1.600000000000000000e+01,5.031746031746031633e-02
1.603125000000000000e+01,5.079365079365079361e-02
1.606250000000000000e+01,5.111111111111111410e-02
1.609375000000000000e+01,5.142857142857142766e-02
1.612500000000000000e+01,5.158730158730158444e-02
1.615625000000000000e+01,5.174603174603174816e-02
1.618750000000000000e+01,5.190476190476190493e-02
1.621875000000000000e+01,5.206349206349206171e-02
1.625000000000000000e+01,5.206349206349206171e-02
1.628125000000000000e+01,5.206349206349206171e-02
1.631250000000000000e+01,5.206349206349206171e-02
1.634375000000000000e+01,5.206349206349206171e-02
1.637500000000000000e+01,5.190476190476190493e-02
1.640625000000000000e+01,5.190476190476190493e-02
1.643750000000000000e+01,5.174603174603174816e-02
1.646875000000000000e+01,5.174603174603174816e-02
1.650000000000000000e+01,5.158730158730158444e-02
1.653125000000000000e+01,5.142857142857142766e-02
1.656250000000000000e+01,5.126984126984127088e-02
1.659375000000000000e+01,5.111111111111111410e-02
1.662500000000000000e+01,5.095238095238095039e-02
1.667187500000000000e+01,5.079365079365079361e-02
1.670312500000000000e+01,5.063492063492063683e-02
1.673437500000000000e+01,5.047619047619047311e-02
1.676562500000000000e+01,5.031746031746031633e-02
1.679687500000000000e+01,5.015873015873015955e-02
1.682812500000000000e+01,5.000000000000000278e-02
1.685937500000000000e+01,4.984126984126983906e-02
1.689062500000000000e+01,4.968253968253968228e-02
1.692187500000000000e+01,4.952380952380952550e-02
1.695312500000000000e+01,4.936507936507936178e-02
1.698437500000000000e+01,4.920634920634920501e-02
1.701562500000000000e+01,4.904761904761904823e-02
1.704687500000000000e+01,4.888888888888889145e-02
1.707812500000000000e+01,4.873015873015872773e-02
1.710937500000000000e+01,4.873015873015872773e-02
1.714062500000000000e+01,4.857142857142857095e-02
1.717187500000000000e+01,4.841269841269841417e-02
1.720312500000000000e+01,4.825396825396825740e-02
1.723437500000000000e+01,4.825396825396825740e-02
1.726562500000000000e+01,4.809523809523809368e-02
1.729687500000000000e+01,4.793650793650793690e-02
1.734375000000000000e+01,4.793650793650793690e-02
1.737500000000000000e+01,4.793650793650793690e-02
1.740625000000000000e+01,4.777777777777778012e-02
1.743750000000000000e+01,4.777777777777778012e-02
1.746875000000000000e+01,4.761904761904761640e-02
1.750000000000000000e+01,4.761904761904761640e-02
1.753125000000000000e+01,4.761904761904761640e-02
1.756250000000000000e+01,4.761904761904761640e-02
1.759375000000000000e+01,4.746031746031745963e-02
1.762500000000000000e+01,4.746031746031745963e-02
1.765625000000000000e+01,4.746031746031745963e-02
1.768750000000000000e+01,4.761904761904761640e-02
1.771875000000000000e+01,4.761904761904761640e-02
1.775000000000000000e+01,4.761904761904761640e-02
1.778125000000000000e+01,4.761904761904761640e-02
1.781250000000000000e+01,4.777777777777778012e-02
1.784375000000000000e+01,4.777777777777778012e-02
1.787500000000000000e+01,4.777777777777778012e-02
1.790625000000000000e+01,4.793650793650793690e-02
1.793750000000000000e+01,4.793650793650793690e-02
1.796875000000000000e+01,4.793650793650793690e-02
1.801562500000000000e+01,4.793650793650793690e-02
1.804687500000000000e+01,4.793650793650793690e-02
1.807812500000000000e+01,4.809523809523809368e-02
1.810937500000000000e+01,4.809523809523809368e-02
1.814062500000000000e+01,4.809523809523809368e-02
1.817187500000000000e+01,4.809523809523809368e-02
1.820312500000000000e+01,4.809523809523809368e-02
1.823437500000000000e+01,4.809523809523809368e-02
1.826562500000000000e+01,4.809523809523809368e-02
1.829687500000000000e+01,4.809523809523809368e-02
1.832812500000000000e+01,4.825396825396825740e-02
1.835937500000000000e+01,4.825396825396825740e-02
1.839062500000000000e+01,4.841269841269841417e-02
1.842187500000000000e+01,4.857142857142857095e-02
1.845312500000000000e+01,4.857142857142857095e-02
1.848437500000000000e+01,4.873015873015872773e-02
1.851562500000000000e+01,4.888888888888889145e-02
1.854687500000000000e+01,4.920634920634920501e-02
1.857812500000000000e+01,4.936507936507936178e-02
1.860937500000000000e+01,4.952380952380952550e-02
1.864062500000000000e+01,4.984126984126983906e-02
1.868750000000000000e+01,5.000000000000000278e-02
1.871875000000000000e+01,5.031746031746031633e-02
1.875000000000000000e+01,5.047619047619047311e-02
1.878125000000000000e+01,5.079365079365079361e-02
1.881250000000000000e+01,5.111111111111111410e-02
1.884375000000000000e+01,5.142857142857142766e-02
1.887500000000000000e+01,5.158730158730158444e-02
1.890625000000000000e+01,5.190476190476190493e-02
1.893750000000000000e+01,5.222222222222222543e-02
1.896875000000000000e+01,5.253968253968253899e-02
1.900000000000000000e+01,5.285714285714285948e-02
1.903125000000000000e+01,5.317460317460317304e-02
1.906250000000000000e+01,5.333333333333333676e-02
1.909375000000000000e+01,5.365079365079365031e-02
1.912500000000000000e+01,5.396825396825397081e-02
1.915625000000000000e+01,5.428571428571428437e-02
1.918750000000000000e+01,5.460317460317460486e-02
1.921875000000000000e+01,5.492063492063491842e-02
1.925000000000000000e+01,5.523809523809523891e-02
1.928125000000000000e+01,5.555555555555555247e-02
1.931250000000000000e+01,5.587301587301587297e-02
1.935937500000000000e+01,5.619047619047619346e-02
1.939062500000000000e+01,5.650793650793650702e-02
1.942187500000000000e+01,5.682539682539682752e-02
1.945312500000000000e+01,5.714285714285714107e-02
1.948437500000000000e+01,5.761904761904761835e-02
1.951562500000000000e+01,5.793650793650793884e-02
1.954687500000000000e+01,5.825396825396825240e-02
1.957812500000000000e+01,5.873015873015872967e-02
1.960937500000000000e+01,5.904761904761905017e-02
1.964062500000000000e+01,5.952380952380952051e-02
1.967187500000000000e+01,5.999999999999999778e-02
1.970312500000000000e+01,6.047619047619047505e-02
1.973437500000000000e+01,6.095238095238095233e-02
1.976562500000000000e+01,6.142857142857142960e-02
1.979687500000000000e+01,6.190476190476190688e-02
1.982812500000000000e+01,6.253968253968253399e-02
1.985937500000000000e+01,6.301587301587301126e-02
1.989062500000000000e+01,6.365079365079365226e-02
1.992187500000000000e+01,6.412698412698412953e-02
1.995312500000000000e+01,6.476190476190475664e-02
2.000000000000000000e+01,6.523809523809523392e-02
2.003125000000000000e+01,6.587301587301587491e-02
2.006250000000000000e+01,6.650793650793650202e-02
2.009375000000000000e+01,6.714285714285714302e-02
2.012500000000000000e+01,6.777777777777778401e-02
2.015625000000000000e+01,6.825396825396824740e-02
2.018750000000000000e+01,6.888888888888888840e-02
2.021875000000000000e+01,6.952380952380952939e-02
2.025000000000000000e+01,7.015873015873015650e-02
2.028125000000000000e+01,7.079365079365079749e-02
2.031250000000000000e+01,7.142857142857142461e-02
2.034375000000000000e+01,7.190476190476190188e-02
2.037500000000000000e+01,7.253968253968254287e-02
2.040625000000000000e+01,7.301587301587302015e-02
2.043750000000000000e+01,7.365079365079364726e-02
2.046875000000000000e+01,7.412698412698412453e-02
2.050000000000000000e+01,7.460317460317460181e-02
2.053125000000000000e+01,7.492063492063491537e-02
2.056250000000000000e+01,7.523809523809524280e-02
2.059375000000000000e+01,7.539682539682539264e-02
2.062500000000000000e+01,7.555555555555555636e-02
2.067187500000000000e+01,7.555555555555555636e-02
2.070312500000000000e+01,7.539682539682539264e-02
2.073437500000000000e+01,7.507936507936507908e-02
2.076562500000000000e+01,7.476190476190476553e-02
2.079687500000000000e+01,7.412698412698412453e-02
2.082812500000000000e+01,7.333333333333333370e-02
2.085937500000000000e+01,7.238095238095237915e-02
2.089062500000000000e+01,7.111111111111111105e-02
2.092187500000000000e+01,6.984126984126984294e-02
2.095312500000000000e+01,6.825396825396824740e-02
2.098437500000000000e+01,6.650793650793650202e-02
2.101562500000000000e+01,6.476190476190475664e-02
2.104687500000000000e+01,6.269841269841269771e-02
2.107812500000000000e+01,6.063492063492063183e-02
2.110937500000000000e+01,5.841269841269841612e-02
2.114062500000000000e+01,5.619047619047619346e-02
2.117187500000000000e+01,5.396825396825397081e-02
2.120312500000000000e+01,5.158730158730158444e-02
2.123437500000000000e+01,4.936507936507936178e-02
2.126562500000000000e+01,4.714285714285714607e-02
2.129687500000000000e+01,4.492063492063492341e-02
2.134375000000000000e+01,4.285714285714285754e-02
2.137500000000000000e+01,4.079365079365079166e-02
2.140625000000000000e+01,3.888888888888888951e-02
2.143750000000000000e+01,3.714285714285714413e-02
2.146875000000000000e+01,3.539682539682539875e-02
2.150000000000000000e+01,3.396825396825396692e-02
2.153125000000000000e+01,3.253968253968254204e-02
2.156250000000000000e+01,3.126984126984126700e-02
2.159375000000000000e+01,3.015873015873015914e-02
2.162500000000000000e+01,2.904761904761904781e-02
2.165625000000000000e+01,2.809523809523809673e-02
2.168750000000000000e+01,2.730158730158730243e-02
2.171875000000000000e+01,2.666666666666666838e-02
2.175000000000000000e+01,2.603174603174603086e-02
2.178125000000000000e+01,2.539682539682539680e-02
2.181250000000000000e+01,2.492063492063491953e-02
2.184375000000000000e+01,2.444444444444444572e-02
2.187500000000000000e+01,2.396825396825396845e-02
2.190625000000000000e+01,2.365079365079365142e-02
2.193750000000000000e+01,2.317460317460317415e-02
2.196875000000000000e+01,2.285714285714285712e-02
2.201562500000000000e+01,2.253968253968254010e-02
2.204687500000000000e+01,2.206349206349206282e-02
2.207812500000000000e+01,2.174603174603174580e-02
2.210937500000000000e+01,2.142857142857142877e-02
2.214062500000000000e+01,2.095238095238095150e-02
2.217187500000000000e+01,2.063492063492063447e-02
2.220312500000000000e+01,2.031746031746031744e-02
2.223437500000000000e+01,1.984126984126984017e-02
2.226562500000000000e+01,1.952380952380952314e-02
2.229687500000000000e+01,1.920634920634920612e-02
2.232812500000000000e+01,1.888888888888888909e-02
2.235937500000000000e+01,1.857142857142857206e-02
2.239062500000000000e+01,1.825396825396825504e-02
2.242187500000000000e+01,1.793650793650793801e-02
2.245312500000000000e+01,1.777777777777777776e-02
2.248437500000000000e+01,1.746031746031746074e-02
2.251562500000000000e+01,1.730158730158730049e-02
2.254687500000000000e+01,1.714285714285714371e-02
2.257812500000000000e+01,1.698412698412698346e-02
2.260937500000000000e+01,1.682539682539682668e-02
2.264062500000000000e+01,1.666666666666666644e-02
2.268750000000000000e+01,1.666666666666666644e-02
2.271875000000000000e+01,1.650793650793650966e-02
2.275000000000000000e+01,1.650793650793650966e-02
2.278125000000000000e+01,1.650793650793650966e-02
2.281250000000000000e+01,1.650793650793650966e-02
2.284375000000000000e+01,1.634920634920634941e-02
2.287500000000000000e+01,1.634920634920634941e-02
2.290625000000000000e+01,1.634920634920634941e-02
2.293750000000000000e+01,1.634920634920634941e-02
2.296875000000000000e+01,1.619047619047618916e-02
2.300000000000000000e+01,1.619047619047618916e-02
2.303125000000000000e+01,1.619047619047618916e-02
2.306250000000000000e+01,1.603174603174603238e-02
2.309375000000000000e+01,1.603174603174603238e-02
2.312500000000000000e+01,1.587301587301587213e-02
2.315625000000000000e+01,1.571428571428571536e-02
2.318750000000000000e+01,1.571428571428571536e-02
2.321875000000000000e+01,1.555555555555555511e-02
2.325000000000000000e+01,1.555555555555555511e-02
2.328125000000000000e+01,1.539682539682539660e-02
2.331250000000000000e+01,1.523809523809523808e-02
2.335937500000000000e+01,1.507936507936507957e-02
2.339062500000000000e+01,1.507936507936507957e-02
2.342187500000000000e+01,1.492063492063492106e-02
2.345312500000000000e+01,1.476190476190476254e-02
2.348437500000000000e+01,1.476190476190476254e-02
2.351562500000000000e+01,1.460317460317460403e-02
2.354687500000000000e+01,1.444444444444444378e-02
2.357812500000000000e+01,1.444444444444444378e-02
2.360937500000000000e+01,1.428571428571428527e-02
2.364062500000000000e+01,1.428571428571428527e-02
2.367187500000000000e+01,1.412698412698412676e-02
2.370312500000000000e+01,1.412698412698412676e-02
2.373437500000000000e+01,1.412698412698412676e-02
2.376562500000000000e+01,1.396825396825396824e-02
2.379687500000000000e+01,1.396825396825396824e-02
2.382812500000000000e+01,1.396825396825396824e-02
2.385937500000000000e+01,1.396825396825396824e-02
2.389062500000000000e+01,1.396825396825396824e-02
2.392187500000000000e+01,1.396825396825396824e-02
2.395312500000000000e+01,1.396825396825396824e-02
2.398437500000000000e+01,1.412698412698412676e-02
2.403125000000000000e+01,1.412698412698412676e-02
2.406250000000000000e+01,1.412698412698412676e-02
2.409375000000000000e+01,1.428571428571428527e-02
2.412500000000000000e+01,1.428571428571428527e-02
2.415625000000000000e+01,1.428571428571428527e-02
2.418750000000000000e+01,1.444444444444444378e-02
2.421875000000000000e+01,1.444444444444444378e-02
2.425000000000000000e+01,1.444444444444444378e-02
2.428125000000000000e+01,1.460317460317460403e-02
2.431250000000000000e+01,1.460317460317460403e-02
2.434375000000000000e+01,1.460317460317460403e-02
2.437500000000000000e+01,1.460317460317460403e-02
2.440625000000000000e+01,1.476190476190476254e-02
2.443750000000000000e+01,1.476190476190476254e-02
2.446875000000000000e+01,1.460317460317460403e-02
2.450000000000000000e+01,1.460317460317460403e-02
2.453125000000000000e+01,1.460317460317460403e-02
2.456250000000000000e+01,1.460317460317460403e-02
2.459375000000000000e+01,1.444444444444444378e-02
2.462500000000000000e+01,1.444444444444444378e-02
2.467187500000000000e+01,1.428571428571428527e-02
2.470312500000000000e+01,1.412698412698412676e-02
2.473437500000000000e+01,1.412698412698412676e-02
2.476562500000000000e+01,1.396825396825396824e-02
2.479687500000000000e+01,1.380952380952380973e-02
2.482812500000000000e+01,1.365079365079365122e-02
2.485937500000000000e+01,1.365079365079365122e-02
2.489062500000000000e+01,1.349206349206349270e-02
2.492187500000000000e+01,1.333333333333333419e-02
2.495312500000000000e+01,1.333333333333333419e-02
2.498437500000000000e+01,1.317460317460317394e-02
2.501562500000000000e+01,1.317460317460317394e-02
2.504687500000000000e+01,1.317460317460317394e-02
2.507812500000000000e+01,1.317460317460317394e-02
2.510937500000000000e+01,1.317460317460317394e-02
2.514062500000000000e+01,1.317460317460317394e-02
2.517187500000000000e+01,1.317460317460317394e-02
2.520312500000000000e+01,1.333333333333333419e-02
2.523437500000000000e+01,1.349206349206349270e-02
2.526562500000000000e+01,1.365079365079365122e-02
2.529687500000000000e+01,1.380952380952380973e-02
2.534375000000000000e+01,1.396825396825396824e-02
2.537500000000000000e+01,1.412698412698412676e-02
2.540625000000000000e+01,1.444444444444444378e-02
2.543750000000000000e+01,1.460317460317460403e-02
2.546875000000000000e+01,1.476190476190476254e-02
2.550000000000000000e+01,1.507936507936507957e-02
2.553125000000000000e+01,1.523809523809523808e-02
2.556250000000000000e+01,1.555555555555555511e-02
2.559375000000000000e+01,1.571428571428571536e-02
2.562500000000000000e+01,1.587301587301587213e-02
2.565625000000000000e+01,1.619047619047618916e-02
2.568750000000000000e+01,1.634920634920634941e-02
2.571875000000000000e+01,1.666666666666666644e-02
2.575000000000000000e+01,1.698412698412698346e-02
2.578125000000000000e+01,1.730158730158730049e-02
2.581250000000000000e+01,1.761904761904761751e-02
2.584375000000000000e+01,1.809523809523809479e-02
2.587500000000000000e+01,1.857142857142857206e-02
2.590625000000000000e+01,1.920634920634920612e-02
2.593750000000000000e+01,1.984126984126984017e-02
2.596875000000000000e+01,2.063492063492063447e-02
2.601562500000000000e+01,2.142857142857142877e-02
2.604687500000000000e+01,2.238095238095237985e-02
2.607812500000000000e+01,2.349206349206349118e-02
2.610937500000000000e+01,2.460317460317460250e-02
2.614062500000000000e+01,2.587301587301587408e-02
2.617187500000000000e+01,2.698412698412698540e-02
2.620312500000000000e+01,2.841269841269841376e-02
2.623437500000000000e+01,2.968253968253968186e-02
2.626562500000000000e+01,3.111111111111111022e-02
2.629687500000000000e+01,3.238095238095237832e-02
2.632812500000000000e+01,3.380952380952381015e-02
2.635937500000000000e+01,3.507936507936507825e-02
2.639062500000000000e+01,3.650793650793651007e-02
2.642187500000000000e+01,3.777777777777777818e-02
2.645312500000000000e+01,3.904761904761904628e-02
2.648437500000000000e+01,4.031746031746031439e-02
2.651562500000000000e+01,4.142857142857142572e-02
2.654687500000000000e+01,4.269841269841270076e-02
2.657812500000000000e+01,4.380952380952381209e-02
2.660937500000000000e+01,4.492063492063492341e-02
2.664062500000000000e+01,4.603174603174603474e-02
2.668750000000000000e+01,4.714285714285714607e-02
2.671875000000000000e+01,4.825396825396825740e-02
2.675000000000000000e+01,4.920634920634920501e-02
2.678125000000000000e+01,5.031746031746031633e-02
2.681250000000000000e+01,5.142857142857142766e-02
2.684375000000000000e+01,5.253968253968253899e-02
2.687500000000000000e+01,5.365079365079365031e-02
2.690625000000000000e+01,5.476190476190476164e-02
2.693750000000000000e+01,5.587301587301587297e-02
2.696875000000000000e+01,5.698412698412698429e-02
2.700000000000000000e+01,5.793650793650793884e-02
2.703125000000000000e+01,5.904761904761905017e-02
2.706250000000000000e+01,5.999999999999999778e-02
2.709375000000000000e+01,6.095238095238095233e-02
2.712500000000000000e+01,6.190476190476190688e-02
2.715625000000000000e+01,6.269841269841269771e-02
2.718750000000000000e+01,6.333333333333333870e-02
2.721875000000000000e+01,6.396825396825396581e-02
2.725000000000000000e+01,6.444444444444444309e-02
2.728125000000000000e+01,6.476190476190475664e-02
2.731250000000000000e+01,6.492063492063492036e-02
2.735937500000000000e+01,6.492063492063492036e-02
2.739062500000000000e+01,6.492063492063492036e-02
2.742187500000000000e+01,6.460317460317460680e-02
2.745312500000000000e+01,6.412698412698412953e-02
2.748437500000000000e+01,6.365079365079365226e-02
2.751562500000000000e+01,6.285714285714286143e-02
2.754687500000000000e+01,6.206349206349206366e-02
2.757812500000000000e+01,6.111111111111110911e-02
2.760937500000000000e+01,5.999999999999999778e-02
2.764062500000000000e+01,5.888888888888888645e-02
2.767187500000000000e+01,5.761904761904761835e-02
2.770312500000000000e+01,5.619047619047619346e-02
2.773437500000000000e+01,5.476190476190476164e-02
2.776562500000000000e+01,5.333333333333333676e-02
2.779687500000000000e+01,5.190476190476190493e-02
2.782812500000000000e+01,5.047619047619047311e-02
2.785937500000000000e+01,4.888888888888889145e-02
2.789062500000000000e+01,4.746031746031745963e-02
2.792187500000000000e+01,4.603174603174603474e-02
2.795312500000000000e+01,4.460317460317460292e-02
2.800000000000000000e+01,4.333333333333333481e-02
2.803125000000000000e+01,4.206349206349206671e-02
2.806250000000000000e+01,4.079365079365079166e-02
2.809375000000000000e+01,3.968253968253968034e-02
2.812500000000000000e+01,3.857142857142856901e-02
2.815625000000000000e+01,3.746031746031745768e-02
2.818750000000000000e+01,3.650793650793651007e-02
2.821875000000000000e+01,3.555555555555555552e-02
2.825000000000000000e+01,3.460317460317460098e-02
2.828125000000000000e+01,3.365079365079365337e-02
2.831250000000000000e+01,3.285714285714285560e-02
2.834375000000000000e+01,3.206349206349206477e-02
2.837500000000000000e+01,3.126984126984126700e-02
2.840625000000000000e+01,3.063492063492063641e-02
2.843750000000000000e+01,2.984126984126984211e-02
2.846875000000000000e+01,2.904761904761904781e-02
2.850000000000000000e+01,2.841269841269841376e-02
2.853125000000000000e+01,2.761904761904761946e-02
2.856250000000000000e+01,2.682539682539682516e-02
2.859375000000000000e+01,2.619047619047619110e-02
2.862500000000000000e+01,2.539682539682539680e-02
2.867187500000000000e+01,2.460317460317460250e-02
2.870312500000000000e+01,2.380952380952380820e-02
2.873437500000000000e+01,2.301587301587301737e-02
2.876562500000000000e+01,2.222222222222222307e-02
2.879687500000000000e+01,2.142857142857142877e-02
2.882812500000000000e+01,2.063492063492063447e-02
2.885937500000000000e+01,1.968253968253968339e-02
2.889062500000000000e+01,1.888888888888888909e-02
2.892187500000000000e+01,1.809523809523809479e-02
2.895312500000000000e+01,1.714285714285714371e-02
2.898437500000000000e+01,1.634920634920634941e-02
2.901562500000000000e+01,1.555555555555555511e-02
2.904687500000000000e+01,1.460317460317460403e-02
2.907812500000000000e+01,1.380952380952380973e-02
2.910937500000000000e+01,1.301587301587301543e-02
2.914062500000000000e+01,1.206349206349206435e-02
2.917187500000000000e+01,1.126984126984127005e-02
2.920312500000000000e+01,1.047619047619047575e-02
2.923437500000000000e+01,9.682539682539683182e-03
2.926562500000000000e+01,9.047619047619047394e-03
2.929687500000000000e+01,8.253968253968254828e-03
2.934375000000000000e+01,7.619047619047619041e-03
2.937500000000000000e+01,6.825396825396825608e-03
2.940625000000000000e+01,6.190476190476190688e-03
2.943750000000000000e+01,5.555555555555555768e-03
2.946875000000000000e+01,5.079365079365079361e-03
2.950000000000000000e+01,4.444444444444444441e-03
2.953125000000000000e+01,3.968253968253968034e-03
2.956250000000000000e+01,3.492063492063492060e-03
2.959375000000000000e+01,3.015873015873016087e-03
2.962500000000000000e+01,2.698412698412698627e-03
2.965625000000000000e+01,2.222222222222222220e-03
2.968750000000000000e+01,1.904761904761904760e-03
2.971875000000000000e+01,1.587301587301587300e-03
2.975000000000000000e+01,1.428571428571428570e-03
2.978125000000000000e+01,1.111111111111111110e-03
2.981250000000000000e+01,9.523809523809523801e-04
2.984375000000000000e+01,7.936507936507936501e-04
2.987500000000000000e+01,6.349206349206349201e-04
2.990625000000000000e+01,4.761904761904761901e-04
2.993750000000000000e+01,3.174603174603174600e-04
2.996875000000000000e+01,3.174603174603174600e-04
3.000000000000000000e+01,1.587301587301587300e-04
