temperature_k,phonon_fwhm_mev,total_fwhm_mev
0.000000000000000000e+00,6.886549785139040480e+00,2.088654978513903870e+01
5.000000000000000000e+00,6.886587769164388639e+00,2.088658776916438953e+01
1.000000000000000000e+01,6.889644075457120209e+00,2.088964407545712021e+01
1.500000000000000000e+01,6.905613268034178631e+00,2.090561326803418041e+01
2.000000000000000000e+01,6.943512565426602556e+00,2.094351256542660167e+01
2.500000000000000000e+01,7.009395829454359017e+00,2.100939582945435902e+01
3.000000000000000000e+01,7.106318052300978572e+00,2.110631805230097768e+01
3.500000000000000000e+01,7.234705011946383379e+00,2.123470501194638160e+01
4.000000000000000000e+01,7.393240555632202060e+00,2.139324055563220384e+01
4.500000000000000000e+01,7.579690829047179612e+00,2.157969082904718050e+01
5.000000000000000000e+01,7.791459224566236408e+00,2.179145922456623552e+01
5.500000000000000000e+01,8.025908340094462190e+00,2.202590834009446041e+01
6.000000000000000000e+01,8.280529061462363671e+00,2.228052906146236367e+01
6.500000000000000000e+01,8.553019159065062382e+00,2.255301915906506238e+01
7.000000000000000000e+01,8.841310979623267841e+00,2.284131097962326606e+01
7.500000000000000000e+01,9.143571668934079355e+00,2.314357166893407936e+01
8.000000000000000000e+01,9.458189442201831554e+00,2.345818944220183155e+01
8.500000000000000000e+01,9.783753581282965683e+00,2.378375358128296568e+01
9.000000000000000000e+01,1.011903243958469467e+01,2.411903243958469290e+01
9.500000000000000000e+01,1.046295176003538785e+01,2.446295176003538785e+01
1.000000000000000000e+02,1.081457446714466997e+01,2.481457446714466997e+01
1.050000000000000000e+02,1.117308243800499490e+01,2.517308243800499667e+01
1.100000000000000000e+02,1.153776038918206304e+01,2.553776038918206126e+01
1.150000000000000000e+02,1.190798181870863992e+01,2.590798181870864170e+01
1.200000000000000000e+02,1.228319684438767467e+01,2.628319684438767467e+01
1.250000000000000000e+02,1.266292173914301955e+01,2.666292173914301955e+01
1.300000000000000000e+02,1.304672995589510265e+01,2.704672995589510265e+01
1.350000000000000000e+02,1.343424444333940038e+01,2.743424444333940215e+01
1.400000000000000000e+02,1.382513107117033435e+01,2.782513107117033258e+01
1.450000000000000000e+02,1.421909300362608342e+01,2.821909300362608519e+01
1.500000000000000000e+02,1.461586588087712357e+01,2.861586588087712357e+01
1.550000000000000000e+02,1.501521368726761274e+01,2.901521368726761096e+01
1.600000000000000000e+02,1.541692520303536362e+01,2.941692520303536185e+01
1.650000000000000000e+02,1.582081095167242246e+01,2.982081095167242069e+01
1.700000000000000000e+02,1.622670056853645093e+01,3.022670056853645093e+01
1.750000000000000000e+02,1.663444052784552341e+01,3.063444052784552341e+01
1.800000000000000000e+02,1.704389217497744724e+01,3.104389217497744724e+01
1.850000000000000000e+02,1.745493001926667986e+01,3.145493001926667986e+01
1.900000000000000000e+02,1.786744024946977660e+01,3.186744024946977660e+01
1.950000000000000000e+02,1.828131943991881769e+01,3.228131943991881769e+01
2.000000000000000000e+02,1.869647342031699466e+01,3.269647342031699111e+01
2.050000000000000000e+02,1.911281628624734452e+01,3.311281628624734452e+01
2.100000000000000000e+02,1.953026953094656903e+01,3.353026953094656903e+01
2.150000000000000000e+02,1.994876128180456121e+01,3.394876128180456476e+01
2.200000000000000000e+02,2.036822562750017696e+01,3.436822562750018051e+01
2.250000000000000000e+02,2.078860202375630095e+01,3.478860202375629740e+01
2.300000000000000000e+02,2.120983476742772567e+01,3.520983476742772211e+01
2.350000000000000000e+02,2.163187253011866673e+01,3.563187253011867028e+01
2.400000000000000000e+02,2.205466794376019735e+01,3.605466794376019379e+01
2.450000000000000000e+02,2.247817723164227033e+01,3.647817723164227033e+01
2.500000000000000000e+02,2.290235987928658190e+01,3.690235987928657835e+01
2.550000000000000000e+02,2.332717834031258874e+01,3.732717834031258519e+01
2.600000000000000000e+02,2.375259777309879183e+01,3.775259777309879183e+01
2.650000000000000000e+02,2.417858580459381557e+01,3.817858580459381557e+01
2.700000000000000000e+02,2.460511231811763366e+01,3.860511231811763366e+01
2.750000000000000000e+02,2.503214926239012073e+01,3.903214926239012073e+01
2.800000000000000000e+02,2.545967047938430738e+01,3.945967047938430738e+01
2.850000000000000000e+02,2.588765154889684794e+01,3.988765154889684794e+01
2.900000000000000000e+02,2.631606964799970783e+01,4.031606964799971138e+01
2.950000000000000000e+02,2.674490342374549101e+01,4.074490342374549101e+01
3.000000000000000000e+02,2.717413287771674035e+01,4.117413287771674391e+01
3.050000000000000000e+02,2.760373926115640941e+01,4.160373926115640586e+01
3.100000000000000000e+02,2.803370497958281859e+01,4.203370497958282215e+01
3.150000000000000000e+02,2.846401350591085233e+01,4.246401350591085588e+01
3.200000000000000000e+02,2.889464930120877284e+01,4.289464930120877284e+01
