temperature_k,binding_energy_mev,intensity_plot_units
2.850000000000000000e+02,4.997212931272503056e+02,2.386993408203125000e+00
2.850000000000000000e+02,4.977147815355422722e+02,2.876495361328125000e+00
2.850000000000000000e+02,4.957078252136095102e+02,3.550003051757812500e+00
2.850000000000000000e+02,4.937013136219014768e+02,3.550003051757812500e+00
2.850000000000000000e+02,4.916943572999686580e+02,3.121002197265625000e+00
2.850000000000000000e+02,4.896878457082606815e+02,2.876495361328125000e+00
2.850000000000000000e+02,4.876813341165526481e+02,3.059997558593750000e+00
2.850000000000000000e+02,4.856743638968003438e+02,3.426971435546875000e+00
2.850000000000000000e+02,4.837234157875523692e+02,3.733001708984375000e+00
2.850000000000000000e+02,4.817169041958443927e+02,3.243499755859375000e+00
2.850000000000000000e+02,4.797099339760920316e+02,4.039001464843750000e+00
2.850000000000000000e+02,4.777034223843840550e+02,4.406478881835937500e+00
2.850000000000000000e+02,4.756969246904955639e+02,4.589996337890625000e+00
2.850000000000000000e+02,4.736899544707432597e+02,4.406478881835937500e+00
2.850000000000000000e+02,4.716834428790352263e+02,4.895996093750000000e+00
2.850000000000000000e+02,4.696764726592829220e+02,5.752990722656250000e+00
2.850000000000000000e+02,4.676699888632139732e+02,5.446502685546875000e+00
2.850000000000000000e+02,4.657190129583269140e+02,6.303482055664062500e+00
2.850000000000000000e+02,4.637125013666189375e+02,5.079483032226562500e+00
2.850000000000000000e+02,4.617055450446861187e+02,5.079483032226562500e+00
2.850000000000000000e+02,4.596990334529781421e+02,6.058990478515625000e+00
2.850000000000000000e+02,4.576920771310453233e+02,6.731994628906250000e+00
2.850000000000000000e+02,4.556855655393372899e+02,6.303482055664062500e+00
2.850000000000000000e+02,4.536786092174045280e+02,7.221496582031250000e+00
2.850000000000000000e+02,4.516720837278770091e+02,8.812484741210937500e+00
2.850000000000000000e+02,4.497216081444928477e+02,8.812484741210937500e+00
2.850000000000000000e+02,4.477146518225600289e+02,9.118988037109375000e+00
2.850000000000000000e+02,4.457076816028077246e+02,1.034299468994140625e+01
2.850000000000000000e+02,4.437011700110997481e+02,1.077100372314453125e+01
2.850000000000000000e+02,4.416946584193917147e+02,1.248499298095703125e+01
2.850000000000000000e+02,4.396881468276837381e+02,1.352498626708984375e+01
2.850000000000000000e+02,4.376811905057509193e+02,1.566699981689453125e+01
2.850000000000000000e+02,4.356742341838181005e+02,1.664601135253906250e+01
2.850000000000000000e+02,4.336677225921101240e+02,1.750348663330078125e+01
2.850000000000000000e+02,4.317167466872230648e+02,2.068549346923828125e+01
2.850000000000000000e+02,4.297097903652903028e+02,2.092999267578125000e+01
2.850000000000000000e+02,4.277033065692213540e+02,2.086950683593750000e+01
2.850000000000000000e+02,4.256967671818742929e+02,2.460248565673828125e+01
2.850000000000000000e+02,4.236902833858053441e+02,2.833549499511718750e+01
2.850000000000000000e+02,4.216832992682334407e+02,3.066099548339843750e+01
2.850000000000000000e+02,4.196763151506615941e+02,3.506800842285156250e+01
2.850000000000000000e+02,4.176698313545927022e+02,3.886199951171875000e+01
2.850000000000000000e+02,4.157193279755695130e+02,4.559400939941406250e+01
2.850000000000000000e+02,4.137119130255923665e+02,4.993899536132812500e+01
2.850000000000000000e+02,4.117054014338843899e+02,5.526349639892578125e+01
2.850000000000000000e+02,4.096988898421763565e+02,6.389299774169921875e+01
2.850000000000000000e+02,4.076923782504683231e+02,7.142049407958984375e+01
2.850000000000000000e+02,4.056858805565798889e+02,7.815248870849609375e+01
2.850000000000000000e+02,4.036784656066027424e+02,7.925399017333984375e+01
2.850000000000000000e+02,4.016719540148947658e+02,8.574098968505859375e+01
2.850000000000000000e+02,3.996654424231867324e+02,9.118800354003906250e+01
2.850000000000000000e+02,3.977145082117583001e+02,9.363600158691406250e+01
2.850000000000000000e+02,3.957075518898254813e+02,8.874000549316406250e+01
2.850000000000000000e+02,3.937010125024784202e+02,8.347650146484375000e+01
2.850000000000000000e+02,3.916945287064094714e+02,7.674449920654296875e+01
2.850000000000000000e+02,3.896879893190624671e+02,7.215499114990234375e+01
2.850000000000000000e+02,3.876810329971296483e+02,7.031899261474609375e+01
2.850000000000000000e+02,3.856740766751968295e+02,6.156699371337890625e+01
2.850000000000000000e+02,3.836675650834888529e+02,5.238749694824218750e+01
2.850000000000000000e+02,3.817170478066461214e+02,4.822549438476562500e+01
2.850000000000000000e+02,3.797096328566690318e+02,4.449250030517578125e+01
2.850000000000000000e+02,3.777031351627805407e+02,3.727101135253906250e+01
2.850000000000000000e+02,3.756966235710725073e+02,3.292549133300781250e+01
2.850000000000000000e+02,3.736901119793645307e+02,3.066099548339843750e+01
2.850000000000000000e+02,3.716831556574317119e+02,2.613198852539062500e+01
2.850000000000000000e+02,3.696761993354989499e+02,2.270498657226562500e+01
2.850000000000000000e+02,3.676696877437909166e+02,2.148098754882812500e+01
2.850000000000000000e+02,3.656631761520828832e+02,1.823749542236328125e+01
2.850000000000000000e+02,3.637122280428349086e+02,1.952299499511718750e+01
2.850000000000000000e+02,3.617052439252630620e+02,1.634049987792968750e+01
2.850000000000000000e+02,3.596987601291941701e+02,1.438198852539062500e+01
2.850000000000000000e+02,3.576922207418471089e+02,1.205649566650390625e+01
2.850000000000000000e+02,3.556857369457781033e+02,1.254599761962890625e+01
2.850000000000000000e+02,3.536787806238453413e+02,1.095498657226562500e+01
2.850000000000000000e+02,3.516718243019125225e+02,1.009799194335937500e+01
2.850000000000000000e+02,3.496652849145654613e+02,1.083199310302734375e+01
2.850000000000000000e+02,3.477143368053174868e+02,9.546981811523437500e+00
2.850000000000000000e+02,3.457073804833846680e+02,8.628997802734375000e+00
2.850000000000000000e+02,3.437008688916766914e+02,6.854476928710937500e+00
2.850000000000000000e+02,3.416943572999687149e+02,7.037994384765625000e+00
2.850000000000000000e+02,3.396878457082606815e+02,5.569503784179687500e+00
2.850000000000000000e+02,3.376808615906888349e+02,5.569503784179687500e+00
2.850000000000000000e+02,3.356739052687560161e+02,6.180999755859375000e+00
2.850000000000000000e+02,3.336674214726870673e+02,5.446502685546875000e+00
2.850000000000000000e+02,3.316608820853400630e+02,4.467987060546875000e+00
5.500000000000000000e+01,4.997212931272503056e+02,3.610488891601562500e+00
5.500000000000000000e+01,4.977147815355422722e+02,4.283996582031250000e+00
5.500000000000000000e+01,4.957078252136095102e+02,4.773498535156250000e+00
5.500000000000000000e+01,4.937013136219014768e+02,5.446502685546875000e+00
5.500000000000000000e+01,4.916943572999686580e+02,4.467987060546875000e+00
5.500000000000000000e+01,4.896878457082606815e+02,4.895996093750000000e+00
5.500000000000000000e+01,4.876813341165526481e+02,5.997497558593750000e+00
5.500000000000000000e+01,4.856743638968003438e+02,7.527481079101562500e+00
5.500000000000000000e+01,4.837234157875523692e+02,7.343994140625000000e+00
5.500000000000000000e+01,4.817169041958443927e+02,7.282989501953125000e+00
5.500000000000000000e+01,4.797099339760920316e+02,8.935501098632812500e+00
5.500000000000000000e+01,4.777034223843840550e+02,1.040399169921875000e+01
5.500000000000000000e+01,4.756969246904955639e+02,8.690505981445312500e+00
5.500000000000000000e+01,4.736899544707432597e+02,9.730484008789062500e+00
5.500000000000000000e+01,4.716834428790352263e+02,1.028199005126953125e+01
5.500000000000000000e+01,4.696764726592829220e+02,1.003698730468750000e+01
5.500000000000000000e+01,4.676699888632139732e+02,1.113849639892578125e+01
5.500000000000000000e+01,4.657190129583269140e+02,1.340298461914062500e+01
5.500000000000000000e+01,4.637125013666189375e+02,1.939999389648437500e+01
5.500000000000000000e+01,4.617055450446861187e+02,1.713600158691406250e+01
5.500000000000000000e+01,4.596990334529781421e+02,1.915548706054687500e+01
5.500000000000000000e+01,4.576920771310453233e+02,2.466349792480468750e+01
5.500000000000000000e+01,4.556855655393372899e+02,2.705049133300781250e+01
5.500000000000000000e+01,4.536786092174045280e+02,2.533699035644531250e+01
5.500000000000000000e+01,4.516720837278770091e+02,3.292549133300781250e+01
5.500000000000000000e+01,4.497216081444928477e+02,3.849450683593750000e+01
5.500000000000000000e+01,4.477146518225600289e+02,4.320698547363281250e+01
5.500000000000000000e+01,4.457076816028077246e+02,5.030648803710937500e+01
5.500000000000000000e+01,4.437011700110997481e+02,6.077149963378906250e+01
5.500000000000000000e+01,4.416946584193917147e+02,7.264449310302734375e+01
5.500000000000000000e+01,4.396881468276837381e+02,8.941299438476562500e+01
5.500000000000000000e+01,4.376811905057509193e+02,1.033054962158203125e+02
5.500000000000000000e+01,4.356742341838181005e+02,1.229510040283203125e+02
5.500000000000000000e+01,4.336677225921101240e+02,1.324369964599609375e+02
5.500000000000000000e+01,4.317167466872230648e+02,1.347014999389648438e+02
5.500000000000000000e+01,4.297097903652903028e+02,1.269284896850585938e+02
5.500000000000000000e+01,4.277033065692213540e+02,1.287649993896484375e+02
5.500000000000000000e+01,4.256967671818742929e+02,1.080789947509765625e+02
5.500000000000000000e+01,4.236902833858053441e+02,9.883799743652343750e+01
5.500000000000000000e+01,4.216832992682334407e+02,8.139599609375000000e+01
5.500000000000000000e+01,4.196763151506615941e+02,6.658549499511718750e+01
5.500000000000000000e+01,4.176698313545927022e+02,5.391700744628906250e+01
5.500000000000000000e+01,4.157193279755695130e+02,4.387998962402343750e+01
5.500000000000000000e+01,4.137119130255923665e+02,3.935150146484375000e+01
5.500000000000000000e+01,4.117054014338843899e+02,3.653649902343750000e+01
5.500000000000000000e+01,4.096988898421763565e+02,3.249699401855468750e+01
5.500000000000000000e+01,4.076923782504683231e+02,2.637698364257812500e+01
5.500000000000000000e+01,4.056858805565798889e+02,2.325599670410156250e+01
5.500000000000000000e+01,4.036784656066027424e+02,1.615699768066406250e+01
5.500000000000000000e+01,4.016719540148947658e+02,1.530000305175781250e+01
5.500000000000000000e+01,3.996654424231867324e+02,1.842100524902343750e+01
5.500000000000000000e+01,3.977145082117583001e+02,1.260699462890625000e+01
5.500000000000000000e+01,3.957075518898254813e+02,1.126049041748046875e+01
5.500000000000000000e+01,3.937010125024784202e+02,1.119999694824218750e+01
5.500000000000000000e+01,3.916945287064094714e+02,1.187300109863281250e+01
5.500000000000000000e+01,3.896879893190624671e+02,9.669509887695312500e+00
5.500000000000000000e+01,3.876810329971296483e+02,9.057479858398437500e+00
5.500000000000000000e+01,3.856740766751968295e+02,6.242507934570312500e+00
5.500000000000000000e+01,3.836675650834888529e+02,5.997497558593750000e+00
5.500000000000000000e+01,3.817170478066461214e+02,4.651489257812500000e+00
5.500000000000000000e+01,3.797096328566690318e+02,5.385482788085937500e+00
5.500000000000000000e+01,3.777031351627805407e+02,4.773498535156250000e+00
5.500000000000000000e+01,3.756966235710725073e+02,6.303482055664062500e+00
5.500000000000000000e+01,3.736901119793645307e+02,5.752990722656250000e+00
5.500000000000000000e+01,3.716831556574317119e+02,4.039001464843750000e+00
5.500000000000000000e+01,3.696761993354989499e+02,2.876495361328125000e+00
5.500000000000000000e+01,3.676696877437909166e+02,3.671981811523437500e+00
5.500000000000000000e+01,3.656631761520828832e+02,3.121002197265625000e+00
5.500000000000000000e+01,3.637122280428349086e+02,3.610488891601562500e+00
5.500000000000000000e+01,3.617052439252630620e+02,3.121002197265625000e+00
5.500000000000000000e+01,3.596987601291941701e+02,3.671981811523437500e+00
5.500000000000000000e+01,3.576922207418471089e+02,2.753997802734375000e+00
5.500000000000000000e+01,3.556857369457781033e+02,2.019500732421875000e+00
5.500000000000000000e+01,3.536787806238453413e+02,2.264007568359375000e+00
5.500000000000000000e+01,3.516718243019125225e+02,1.958480834960937500e+00
5.500000000000000000e+01,3.496652849145654613e+02,1.774993896484375000e+00
5.500000000000000000e+01,3.477143368053174868e+02,2.631988525390625000e+00
5.500000000000000000e+01,3.457073804833846680e+02,2.631988525390625000e+00
5.500000000000000000e+01,3.437008688916766914e+02,2.019500732421875000e+00
5.500000000000000000e+01,3.416943572999687149e+02,1.774993896484375000e+00
5.500000000000000000e+01,3.396878457082606815e+02,1.652481079101562500e+00
5.500000000000000000e+01,3.376808615906888349e+02,1.468994140625000000e+00
5.500000000000000000e+01,3.356739052687560161e+02,1.223983764648437500e+00
5.500000000000000000e+01,3.336674214726870673e+02,1.223983764648437500e+00
5.500000000000000000e+01,3.316608820853400630e+02,2.019500732421875000e+00
1.600000000000000000e+02,4.996657296447902468e+02,3.610488891601562500e+00
1.600000000000000000e+02,4.976587594250379425e+02,4.834991455078125000e+00
1.600000000000000000e+02,4.956522478333299091e+02,4.589996337890625000e+00
1.600000000000000000e+02,4.937013136219014768e+02,4.895996093750000000e+00
1.600000000000000000e+02,4.916943572999686580e+02,4.222991943359375000e+00
1.600000000000000000e+02,4.896878457082606815e+02,5.691497802734375000e+00
1.600000000000000000e+02,4.876813341165526481e+02,6.976501464843750000e+00
1.600000000000000000e+02,4.856743638968003438e+02,4.467987060546875000e+00
1.600000000000000000e+02,4.836678523050923673e+02,5.997497558593750000e+00
1.600000000000000000e+02,4.816608959831595485e+02,6.425994873046875000e+00
1.600000000000000000e+02,4.796543982892710574e+02,6.180999755859375000e+00
1.600000000000000000e+02,4.777034223843840550e+02,5.691497802734375000e+00
1.600000000000000000e+02,4.756969246904955639e+02,5.813995361328125000e+00
1.600000000000000000e+02,4.736899544707432597e+02,6.425994873046875000e+00
1.600000000000000000e+02,4.716834428790352263e+02,6.364990234375000000e+00
1.600000000000000000e+02,4.696764726592829220e+02,7.527481079101562500e+00
1.600000000000000000e+02,4.676699888632139732e+02,6.731994628906250000e+00
1.600000000000000000e+02,4.656634494758669121e+02,9.425003051757812500e+00
1.600000000000000000e+02,4.636569656797979633e+02,8.567993164062500000e+00
1.600000000000000000e+02,4.616500093578651445e+02,1.126049041748046875e+01
1.600000000000000000e+02,4.596990334529781421e+02,1.193399047851562500e+01
1.600000000000000000e+02,4.576920771310453233e+02,1.003698730468750000e+01
1.600000000000000000e+02,4.556855655393372899e+02,1.536099243164062500e+01
1.600000000000000000e+02,4.536786092174045280e+02,1.364749145507812500e+01
1.600000000000000000e+02,4.516720837278770091e+02,1.597299194335937500e+01
1.600000000000000000e+02,4.496655860339885180e+02,1.615699768066406250e+01
1.600000000000000000e+02,4.476586158142362137e+02,2.111399841308593750e+01
1.600000000000000000e+02,4.456521042225281803e+02,2.613198852539062500e+01
1.600000000000000000e+02,4.437011700110997481e+02,2.417399597167968750e+01
1.600000000000000000e+02,4.416946584193917147e+02,3.427199554443359375e+01
1.600000000000000000e+02,4.396881468276837381e+02,3.843399047851562500e+01
1.600000000000000000e+02,4.376811905057509193e+02,4.192199707031250000e+01
1.600000000000000000e+02,4.356742341838181005e+02,4.290150451660156250e+01
1.600000000000000000e+02,4.336677225921101240e+02,5.159149932861328125e+01
1.600000000000000000e+02,4.316612110004020906e+02,6.150599670410156250e+01
1.600000000000000000e+02,4.296546994086941140e+02,7.264449310302734375e+01
1.600000000000000000e+02,4.276472705608974820e+02,7.845849609375000000e+01
1.600000000000000000e+02,4.256967671818742929e+02,8.800550079345703125e+01
1.600000000000000000e+02,4.236902833858053441e+02,9.259549713134765625e+01
1.600000000000000000e+02,4.216832992682334407e+02,1.108329925537109375e+02
1.600000000000000000e+02,4.196763151506615941e+02,1.070390014648437500e+02
1.600000000000000000e+02,4.176698313545927022e+02,1.118125000000000000e+02
1.600000000000000000e+02,4.156633197628846688e+02,1.037949981689453125e+02
1.600000000000000000e+02,4.136568081711766354e+02,9.498200225830078125e+01
1.600000000000000000e+02,4.116498518492438734e+02,8.965798950195312500e+01
1.600000000000000000e+02,4.096988898421763565e+02,8.268099212646484375e+01
1.600000000000000000e+02,4.076923782504683231e+02,7.031899261474609375e+01
1.600000000000000000e+02,4.056858805565798889e+02,5.954799652099609375e+01
1.600000000000000000e+02,4.036784656066027424e+02,5.263198852539062500e+01
1.600000000000000000e+02,4.016719540148947658e+02,4.051399230957031250e+01
1.600000000000000000e+02,3.996654424231867324e+02,3.586299133300781250e+01
1.600000000000000000e+02,3.976589308314787559e+02,3.347650146484375000e+01
1.600000000000000000e+02,3.956524192397707225e+02,3.096749877929687500e+01
1.600000000000000000e+02,3.936450042897936328e+02,2.870298767089843750e+01
1.600000000000000000e+02,3.916945287064094714e+02,2.509199523925781250e+01
1.600000000000000000e+02,3.896879893190624671e+02,1.799299621582031250e+01
1.600000000000000000e+02,3.876810329971296483e+02,1.511599731445312500e+01
1.600000000000000000e+02,3.856740766751968295e+02,1.554450225830078125e+01
1.600000000000000000e+02,3.836675650834888529e+02,1.315798950195312500e+01
1.600000000000000000e+02,3.816610395939612772e+02,1.358649444580078125e+01
1.600000000000000000e+02,3.796545696957118707e+02,1.205649566650390625e+01
1.600000000000000000e+02,3.776475716803204818e+02,1.003698730468750000e+01
1.600000000000000000e+02,3.756966235710725073e+02,7.833984375000000000e+00
1.600000000000000000e+02,3.736901119793645307e+02,7.649993896484375000e+00
1.600000000000000000e+02,3.716831556574317119e+02,7.894500732421875000e+00
1.600000000000000000e+02,3.696761993354989499e+02,8.996002197265625000e+00
1.600000000000000000e+02,3.676696877437909166e+02,7.955993652343750000e+00
1.600000000000000000e+02,3.656631761520828832e+02,8.873992919921875000e+00
1.600000000000000000e+02,3.636566645603749066e+02,5.813995361328125000e+00
1.600000000000000000e+02,3.616497082384421446e+02,5.446502685546875000e+00
1.600000000000000000e+02,3.596427519165093258e+02,5.629974365234375000e+00
1.600000000000000000e+02,3.576922207418471089e+02,4.773498535156250000e+00
1.600000000000000000e+02,3.556857369457781033e+02,5.629974365234375000e+00
1.600000000000000000e+02,3.536787806238453413e+02,4.222991943359375000e+00
1.600000000000000000e+02,3.516718243019125225e+02,5.201995849609375000e+00
1.600000000000000000e+02,3.496652849145654613e+02,2.386993408203125000e+00
1.600000000000000000e+02,3.476588011184965126e+02,3.977996826171875000e+00
1.600000000000000000e+02,3.456518170009246660e+02,4.099990844726562500e+00
1.600000000000000000e+02,3.436453054092166894e+02,3.855484008789062500e+00
1.600000000000000000e+02,3.416943572999687149e+02,2.876495361328125000e+00
1.600000000000000000e+02,3.396878457082606815e+02,3.304992675781250000e+00
1.600000000000000000e+02,3.376808615906888349e+02,2.325500488281250000e+00
1.600000000000000000e+02,3.356739052687560161e+02,1.346008300781250000e+00
1.600000000000000000e+02,3.336674214726870673e+02,1.835998535156250000e+00
1.600000000000000000e+02,3.316608820853400630e+02,1.713485717773437500e+00
