mode,energy_mev,wavenumber_cm-1
1.000000000000000000e+00,4.332288859480339482e+01,3.494226614542778862e+02
2.000000000000000000e+00,4.332288859503436385e+01,3.494226614561407018e+02
3.000000000000000000e+00,4.332288859519216828e+01,3.494226614574134828e+02
4.000000000000000000e+00,5.697858697338176626e+01,4.595632967218919589e+02
5.000000000000000000e+00,5.697858697340328149e+01,4.595632967220655019e+02
6.000000000000000000e+00,6.018279950700330261e+01,4.854070136964219273e+02
7.000000000000000000e+00,6.018279950701946746e+01,4.854070136965523261e+02
8.000000000000000000e+00,6.018279950704057768e+01,4.854070136967226290e+02
9.000000000000000000e+00,9.339659950824143664e+01,7.532943769327420114e+02
1.000000000000000000e+01,9.339659950825701173e+01,7.532943769328676353e+02
1.100000000000000000e+01,9.339659950827699220e+01,7.532943769330287296e+02
1.200000000000000000e+01,1.093664263329283557e+02,8.820997168591145510e+02
1.300000000000000000e+01,1.180425533952202386e+02,9.520774008860555568e+02
1.400000000000000000e+01,1.180425533952273867e+02,9.520774008861131961e+02
1.500000000000000000e+01,1.180425533952440418e+02,9.520774008862474602e+02
1.600000000000000000e+01,1.323584424387979936e+02,1.067542832969249957e+03
1.700000000000000000e+01,1.323584424389742935e+02,1.067542832970671952e+03
1.800000000000000000e+01,1.323584424391508207e+02,1.067542832972095766e+03
1.900000000000000000e+01,1.369697845896431261e+02,1.104735815697042653e+03
2.000000000000000000e+01,1.369697845896726562e+02,1.104735815697280714e+03
2.100000000000000000e+01,1.430364584746800460e+02,1.153666840470377565e+03
2.200000000000000000e+01,1.430364584747009644e+02,1.153666840470546504e+03
2.300000000000000000e+01,1.430364584747128447e+02,1.153666840470642455e+03
2.400000000000000000e+01,1.491709214575294311e+02,1.203144621190592488e+03
2.500000000000000000e+01,1.574237871294007221e+02,1.269708471876112753e+03
2.600000000000000000e+01,1.574237871294314459e+02,1.269708471876360363e+03
2.700000000000000000e+01,1.574237871294624540e+02,1.269708471876610474e+03
2.800000000000000000e+01,1.633351805411934095e+02,1.317387075169884156e+03
2.900000000000000000e+01,1.633351805412106614e+02,1.317387075170023081e+03
3.000000000000000000e+01,1.633351805412274018e+02,1.317387075170158141e+03
3.100000000000000000e+01,1.680398489818487917e+02,1.355332785188650860e+03
3.200000000000000000e+01,1.682326992701840425e+02,1.356888227662549525e+03
3.300000000000000000e+01,1.682326992702980135e+02,1.356888227663468570e+03
3.400000000000000000e+01,1.682326992704120983e+02,1.356888227664388523e+03
3.500000000000000000e+01,1.802425775537829509e+02,1.453754428641134155e+03
3.600000000000000000e+01,1.802425775537923300e+02,1.453754428641209643e+03
3.700000000000000000e+01,1.991123535426406477e+02,1.605949435967205545e+03
3.800000000000000000e+01,1.991123535426540911e+02,1.605949435967314002e+03
3.900000000000000000e+01,1.991123535426703199e+02,1.605949435967444970e+03
4.000000000000000000e+01,2.036111247524768828e+02,1.642234472824222166e+03
4.100000000000000000e+01,2.036111247524989665e+02,1.642234472824400200e+03
4.200000000000000000e+01,2.036111247525153090e+02,1.642234472824532077e+03
4.300000000000000000e+01,2.046673801804588777e+02,1.650753747387674821e+03
4.400000000000000000e+01,2.046673801804664095e+02,1.650753747387735302e+03
4.500000000000000000e+01,2.046673801804744528e+02,1.650753747387800104e+03
4.600000000000000000e+01,2.098764861128630912e+02,1.692768020159787739e+03
4.700000000000000000e+01,2.098764861128681218e+02,1.692768020159828666e+03
4.800000000000000000e+01,2.098764861128706798e+02,1.692768020159849357e+03
4.900000000000000000e+01,2.111181489399178304e+02,1.702782706246771340e+03
5.000000000000000000e+01,2.111181489399193367e+02,1.702782706246783619e+03
5.100000000000000000e+01,2.266694692080859568e+02,1.828212563153472729e+03
5.200000000000000000e+01,2.266694692080880316e+02,1.828212563153489555e+03
5.300000000000000000e+01,2.275826946661011903e+02,1.835578223209800854e+03
5.400000000000000000e+01,2.275826946661025261e+02,1.835578223209811540e+03
5.500000000000000000e+01,2.275826946661033787e+02,1.835578223209818361e+03
5.600000000000000000e+01,2.290448693739932366e+02,1.847371457560384897e+03
5.700000000000000000e+01,4.468409302272955870e+02,3.604015155754308125e+03
5.800000000000000000e+01,4.468409302272965533e+02,3.604015155754315856e+03
5.900000000000000000e+01,4.468942647767865992e+02,3.604445327906606508e+03
6.000000000000000000e+01,4.468942647767867129e+02,3.604445327906607417e+03
6.100000000000000000e+01,4.468942647767872245e+02,3.604445327906611055e+03
6.200000000000000000e+01,4.470070462307971866e+02,3.605354971679247228e+03
6.300000000000000000e+01,4.521078826147672771e+02,3.646495991651388067e+03
6.400000000000000000e+01,4.521078826147698919e+02,3.646495991651408985e+03
6.500000000000000000e+01,4.521078826147724499e+02,3.646495991651429904e+03
6.600000000000000000e+01,4.528188166525785618e+02,3.652230061369911709e+03
6.700000000000000000e+01,4.613104794379987084e+02,3.720719940666872390e+03
6.800000000000000000e+01,4.613104794380087696e+02,3.720719940666953789e+03
6.900000000000000000e+01,4.613104794380205931e+02,3.720719940667048832e+03
7.000000000000000000e+01,4.618043860813550054e+02,3.724703566399811280e+03
7.100000000000000000e+01,4.618043860813550054e+02,3.724703566399811280e+03
7.200000000000000000e+01,4.618043860813550054e+02,3.724703566399811280e+03
