ionization_energy_ev,intensity_common_scale
7.992060309973189725e+00,0.000000000000000000e+00
8.033365766031126398e+00,8.885842074967462885e-06
8.074670344409463851e+00,1.400833094357597510e-05
8.115974142628155974e+00,1.598833214793108712e-05
8.157277258207164650e+00,1.544671122183720631e-05
8.198579788666435775e+00,1.300433371016693139e-05
8.239881831525931233e+00,9.282065147416433080e-06
8.281183484305604026e+00,4.900771072924215265e-06
8.322484844525412484e+00,4.813170253370191426e-07
8.363786009705309610e+00,-3.355431455314889958e-06
8.405087077365250181e+00,-5.988608830384771267e-06
8.446388145025190752e+00,-6.797349563301167249e-06
8.487689310205087878e+00,-5.160788111958529126e-06
8.528990670424894560e+00,-4.580589397853987300e-07
8.570292323204569129e+00,7.931703491173203703e-06
8.611594366064064587e+00,2.062936472094754032e-05
8.652896896523337489e+00,3.825579028818435932e-05
8.694200012102342612e+00,6.143184573222215780e-05
8.735503810321038287e+00,9.077839658963239480e-05
8.776808388699375740e+00,1.269163084025206191e-04
8.818113844757309749e+00,1.704664467067665246e-04
8.818113844757309749e+00,1.704664467067665246e-04
8.824369141524517346e+00,2.084760541069132324e-04
8.830627779475429762e+00,2.366479091661529929e-04
8.836889168989390697e+00,2.575559995284484763e-04
8.843152720445752735e+00,2.737743128218519300e-04
8.849417844223852470e+00,2.878768366924012957e-04
8.855683950703042484e+00,3.024375587722992823e-04
8.861950450262670032e+00,3.200304666999746295e-04
8.868216753282080589e+00,3.432295481110887595e-04
8.874482270140619633e+00,3.746087906447621873e-04
8.880746411217630865e+00,4.167421819408069321e-04
8.887008586892463313e+00,4.722037096321175320e-04
8.893268207544464232e+00,5.435673613578144480e-04
8.899524683552979099e+00,6.334071247549427066e-04
8.905777425297353389e+00,7.442969874605473348e-04
8.912025843156934357e+00,8.788109371123651887e-04
8.918269347511069256e+00,1.039522961347441512e-03
8.924507348739101786e+00,1.229007047803513161e-03
8.930739257220379201e+00,1.449837184116933115e-03
8.936964483334248754e+00,1.704587357925438666e-03
8.943182437460055922e+00,1.995831556867457956e-03
8.943182437460055922e+00,1.995831556867457956e-03
8.946734542262392509e+00,2.188120029919579396e-03
8.950156963152599232e+00,2.483531232869355936e-03
8.953453731080522005e+00,2.876022520140898014e-03
8.956628876996015620e+00,3.359551246148629808e-03
8.959686431848925992e+00,3.928074765320811214e-03
8.962630426589104360e+00,4.575550432071174255e-03
8.965464892166407296e+00,5.295935600822446361e-03
8.968193859530680712e+00,6.083187625993201168e-03
8.970821359631775849e+00,6.931263862004088776e-03
8.973351423419540396e+00,7.834121663277144459e-03
8.975788081843829147e+00,8.785718384230943589e-03
8.978135365854491567e+00,9.780011379284751089e-03
8.980397306401377122e+00,1.081095800286129525e-02
8.982577934434337052e+00,1.187251560937914972e-02
8.984681280903224376e+00,1.295864155325758028e-02
8.986711376757885006e+00,1.406329318891793093e-02
8.988672252948173735e+00,1.518042787078154390e-02
8.990567940423936477e+00,1.630400295326630070e-02
8.992402470135028025e+00,1.742797579079354703e-02
8.994179873031297845e+00,1.854630373778323738e-02
8.994179873031297845e+00,1.854630373778323738e-02
8.998527778802857924e+00,2.155796611245898095e-02
9.002689172783634675e+00,2.460410783284024822e-02
9.006673198219603549e+00,2.768270279936372452e-02
9.010488998356743551e+00,3.079172491246264659e-02
9.014145716441024803e+00,3.392914807257785270e-02
9.017652495718429861e+00,3.709294618014050138e-02
9.021018479434934179e+00,4.028109313558797533e-02
9.024252810836511429e+00,4.349156283935418782e-02
9.027364633169144170e+00,4.672232919187722933e-02
9.030363089678798971e+00,4.997136609359239395e-02
9.033257323611460166e+00,5.323664744493430273e-02
9.036056478213099652e+00,5.651614714633894365e-02
9.038769696729694658e+00,5.980783909824371330e-02
9.041406122407224188e+00,6.310969720108183800e-02
9.043974898491661918e+00,6.641969535529070046e-02
9.046485168228985074e+00,6.973580746130490782e-02
9.048946074865169109e+00,7.305600741956184974e-02
9.051366761646191250e+00,7.637826913049476640e-02
9.053756371818028725e+00,7.970056649454101971e-02
9.056124048626655210e+00,8.302087341213661154e-02
9.056124048626655210e+00,8.302087341213661154e-02
9.061255003132952623e+00,9.075075126865682351e-02
9.066211484311894608e+00,9.849654350496826749e-02
9.071001898758709103e+00,1.062573741129438920e-01
9.075634653068636482e+00,1.140323670844504145e-01
9.080118153836908235e+00,1.218206464113656129e-01
9.084460807658762960e+00,1.296213360855555385e-01
9.088671021129439254e+00,1.374335600988937922e-01
9.092757200844170384e+00,1.452564424432492007e-01
9.096727753398193173e+00,1.530891071104925893e-01
9.100591085386742662e+00,1.609306780924990299e-01
9.104355603405055675e+00,1.687802793811359059e-01
9.108029714048367254e+00,1.766370349682761520e-01
9.111621823911912443e+00,1.845000688457906490e-01
9.115140339590929841e+00,1.923685050055488899e-01
9.118593667680654491e+00,2.002414674394231431e-01
9.121990214776324990e+00,2.081180801392842061e-01
9.125338387473169277e+00,2.159974670970044031e-01
9.128646592366433055e+00,2.238787523044538930e-01
9.131923236051344261e+00,2.317610597535035288e-01
9.135176725123145047e+00,2.396435134360241914e-01
9.135176725123145047e+00,2.396435134360241914e-01
9.141932751229260745e+00,2.567085502850027789e-01
9.148540403723787406e+00,2.737821282828716840e-01
9.155009613888950071e+00,2.908636636099082295e-01
9.161350313006986212e+00,3.079525724463813008e-01
9.167572432360119095e+00,3.250482709725723840e-01
9.173685903230587968e+00,3.421501753687503089e-01
9.179700656900621425e+00,3.592577018151902890e-01
9.185626624652451611e+00,3.763702664921640961e-01
9.191473737768310670e+00,3.934872855799489422e-01
9.197251927530428972e+00,4.106081752588193190e-01
9.202971125221042215e+00,4.277323517090469429e-01
9.208641262122375437e+00,4.448592311109062503e-01
9.214272269516662561e+00,4.619882296446725101e-01
9.219874078686139285e+00,4.791187634906187154e-01
9.225456620913032424e+00,4.962502488290180813e-01
9.231029827479577676e+00,5.133821018401456548e-01
9.236603629668003634e+00,5.305137387042774266e-01
9.242187958760542443e+00,5.476445756016830035e-01
9.247792746039428025e+00,5.647740287126402636e-01
9.253427922786888971e+00,5.819015142174216448e-01
9.253427922786888971e+00,5.819015142174216448e-01
9.258075999232170616e+00,5.959686182970294066e-01
9.262724332605033695e+00,6.100359413090327143e-01
9.267381033940219837e+00,6.241029724111749610e-01
9.272054214272499095e+00,6.381692007611927675e-01
9.276751984636614878e+00,6.522341155168289717e-01
9.281482456067330133e+00,6.662972058358210825e-01
9.286253739599397150e+00,6.803579608759089403e-01
9.291073946267575323e+00,6.944158697948307202e-01
9.295951187106618718e+00,7.084704217503292600e-01
9.300893573151277849e+00,7.225211059001445113e-01
9.305909215436315662e+00,7.365674114020146490e-01
9.311006224996484448e+00,7.506088274136782923e-01
9.316192712866538272e+00,7.646448430928783901e-01
9.321476790081234753e+00,7.786749475973520074e-01
9.326866567675333286e+00,7.926986300848395395e-01
9.332370156683582607e+00,8.067153797130816040e-01
9.337995668140740335e+00,8.207246856398175971e-01
9.343751213081565865e+00,8.347260370227870263e-01
9.349644902540809710e+00,8.487189230197290657e-01
9.355684847553231265e+00,8.627028327883854431e-01
9.355684847553231265e+00,8.627028327883854431e-01
9.358523782607619523e+00,8.689719397930342204e-01
9.361382636487984854e+00,8.752415208726689322e-01
9.364269520604155517e+00,8.815105905529647679e-01
9.367192546365970429e+00,8.877781633595914768e-01
9.370159825183254299e+00,8.940432538182255806e-01
9.373179468465846043e+00,9.003048764545354965e-01
9.376259587623575698e+00,9.065620457941964139e-01
9.379408294066275076e+00,9.128137763628773049e-01
9.382633699203781319e+00,9.190590826862534701e-01
9.385943914445917358e+00,9.252969792899979895e-01
9.389347051202523886e+00,9.315264806997819447e-01
9.392851220883429164e+00,9.377466014412765283e-01
9.396464534898466781e+00,9.439563560401575959e-01
9.400195104657470324e+00,9.501547590220947859e-01
9.404051041570269831e+00,9.563408249127612892e-01
9.408040457046698890e+00,9.625135682378296309e-01
9.412171462496589314e+00,9.686720035229735570e-01
9.416452169329774691e+00,9.748151452938635941e-01
9.420890688956088610e+00,9.809420080761727112e-01
9.425495132785359331e+00,9.870516063955742103e-01
9.425495132785359331e+00,9.870516063955742103e-01
9.427395169588622892e+00,9.893543536443427655e-01
9.429305936587599746e+00,9.916610670233951819e-01
9.431236183572753617e+00,9.939695012222338200e-01
9.433194660334550008e+00,9.962774109303524916e-01
9.435190116663445536e+00,9.985825508372538906e-01
9.437231302349911033e+00,1.000882675632434937e+00
9.439326967184408446e+00,1.003175540005393884e+00
9.441485860957405052e+00,1.005458898645627430e+00
9.443716733459357471e+00,1.007730506242636714e+00
9.446028334480732980e+00,1.009988117485920656e+00
9.448429413811995303e+00,1.012229487064976174e+00
9.450928721243609942e+00,1.014452369669302412e+00
9.453535006566037069e+00,1.016654519988398953e+00
9.456257019569742184e+00,1.018833692711760719e+00
9.459103510045192564e+00,1.020987642528890182e+00
9.462083227782846606e+00,1.023114124129283597e+00
9.465204922573169810e+00,1.025210892202441437e+00
9.468477344206627677e+00,1.027275701437860622e+00
9.471909242473682156e+00,1.029306306525039405e+00
9.475509367164796970e+00,1.031300462153477815e+00
9.475509367164796970e+00,1.031300462153477815e+00
9.477088054898114677e+00,1.032115979066052791e+00
9.478772587415383200e+00,1.032922951765794517e+00
9.480557704265152097e+00,1.033715393036575891e+00
9.482438144995986917e+00,1.034487315662262263e+00
9.484408649156437221e+00,1.035232732426729196e+00
9.486463956295068556e+00,1.035945656113840485e+00
9.488598805960430482e+00,1.036620099507468362e+00
9.490807937701086772e+00,1.037250075391478621e+00
9.493086091065592313e+00,1.037829596549744382e+00
9.495428005602501997e+00,1.038352675766133437e+00
9.497828420860374266e+00,1.038813325824515355e+00
9.500282076387771113e+00,1.039205559508758592e+00
9.502783711733242100e+00,1.039523389602736270e+00
9.505328066445350998e+00,1.039760828890311517e+00
9.507909880072652697e+00,1.039911890155358343e+00
9.510523892163703863e+00,1.039970586181745205e+00
9.513164842267062937e+00,1.039930929753339672e+00
9.515827469931286586e+00,1.039786933654012646e+00
9.518506514704933252e+00,1.039532610667633694e+00
9.521196716136559601e+00,1.039161973578072162e+00
9.521196716136559601e+00,1.039161973578072162e+00
9.524535455278021701e+00,1.038547014803841817e+00
9.527732466042705184e+00,1.037858966312264597e+00
9.530794482933679035e+00,1.037102501168011059e+00
9.533728240454028224e+00,1.036282292435745767e+00
9.536540473106818183e+00,1.035403013180138831e+00
9.539237915395135659e+00,1.034469336465855038e+00
9.541827301822053187e+00,1.033485935357564278e+00
9.544315366890650409e+00,1.032457482919931113e+00
9.546708845104001639e+00,1.031388652217622326e+00
9.549014470965184742e+00,1.030284116315310250e+00
9.551238978977275806e+00,1.029148548277657671e+00
9.553389103643352698e+00,1.027986621169332926e+00
9.555471579466491505e+00,1.026803008055003907e+00
9.557493140949770094e+00,1.025602381999337842e+00
9.559460522596264553e+00,1.024389416067001068e+00
9.561380458909052749e+00,1.023168783322662145e+00
9.563259684391210769e+00,1.021945156830987411e+00
9.565104933545814703e+00,1.020723209656645425e+00
9.566922940875942416e+00,1.019507614864302303e+00
9.568720440884671774e+00,1.018303045518626604e+00
9.568720440884671774e+00,1.018303045518626604e+00
9.573317508767106077e+00,1.014841926259706817e+00
9.577753966909080319e+00,1.011352549123303302e+00
9.582038320175930934e+00,1.007836593705295103e+00
9.586179073433013897e+00,1.004295739601545279e+00
9.590184731545660313e+00,1.000731666407933984e+00
9.594063799379224378e+00,9.971460537203286068e-01
9.597824781799049632e+00,9.935405811346015303e-01
9.601476183670479614e+00,9.899169282466249165e-01
9.605026509858863193e+00,9.862767746522703716e-01
9.608484265229538579e+00,9.826217999474116116e-01
9.611857954647854640e+00,9.789536837279196879e-01
9.615156082979154917e+00,9.752741055896653188e-01
9.618387155088788276e+00,9.715847451285228864e-01
9.621559675842094705e+00,9.678872819403613326e-01
9.624682150104421297e+00,9.641833956210549283e-01
9.627763082741113365e+00,9.604747657664747251e-01
9.630810978617514451e+00,9.567630719724935506e-01
9.633834342598969869e+00,9.530499938349823452e-01
9.636841679550826711e+00,9.493372109498136036e-01
9.639841494338424965e+00,9.456264029128593762e-01
9.639841494338424965e+00,9.456264029128593762e-01
9.649499724258074451e+00,9.330237607107901843e-01
9.658928803661808615e+00,9.203948006619591116e-01
9.668160147853113173e+00,9.077431368221635655e-01
9.677225172135493381e+00,8.950723832471952912e-01
9.686155291812426071e+00,8.823861539928515851e-01
9.694981922187416501e+00,8.696880631149228602e-01
9.703736478563950385e+00,8.569817246692065238e-01
9.712450376245524097e+00,8.442707527114929889e-01
9.721155030535630459e+00,8.315587612975795517e-01
9.729881856737756962e+00,8.188493644832600671e-01
9.738662270155401757e+00,8.061461763243271683e-01
9.747527686092054111e+00,7.934528108765758203e-01
9.756509519851206846e+00,7.807728821958008769e-01
9.765639186736356336e+00,7.681100043377954156e-01
9.774948102050990073e+00,7.554677913583538462e-01
9.784467681098604430e+00,7.428498573132710225e-01
9.794229339182690453e+00,7.302598162583392449e-01
9.804264491606740961e+00,7.177012822493545885e-01
9.814604553674248777e+00,7.051778693421106858e-01
9.825280940688706721e+00,6.926931915924017247e-01
9.825280940688706721e+00,6.926931915924017247e-01
9.829648778226388828e+00,6.878412812540392052e-01
9.834067393654718714e+00,6.829913608050462992e-01
9.838547259116600330e+00,6.781461499094563194e-01
9.843098846754948283e+00,6.733083682312921425e-01
9.847732628712659420e+00,6.684807354345891905e-01
9.852459077132648346e+00,6.636659711833708952e-01
9.857288664157820790e+00,6.588667951416692370e-01
9.862231861931087806e+00,6.540859269735113113e-01
9.867299142595351569e+00,6.493260863429262120e-01
9.872500978293521356e+00,6.445899929139438100e-01
9.877847841168506449e+00,6.398803663505924222e-01
9.883350203363214348e+00,6.351999263168990328e-01
9.889018537020550781e+00,6.305513924768971767e-01
9.894863314283426803e+00,6.259374844946102856e-01
9.900895007294746364e+00,6.213609220340695627e-01
9.907124088197418743e+00,6.168244247593041019e-01
9.913561029134351443e+00,6.123307123343431080e-01
9.920216302248451967e+00,6.078825044232142316e-01
9.927100379682627818e+00,6.034825206899466776e-01
9.934223733579786497e+00,5.991334807985703170e-01
9.934223733579786497e+00,5.991334807985703170e-01
9.938810460783715328e+00,5.964638710014662504e-01
9.943544134807277501e+00,5.938308204078415198e-01
9.948424214789788778e+00,5.912369397726078279e-01
9.953450159870584457e+00,5.886848398506715485e-01
9.958621429188973195e+00,5.861771313969483810e-01
9.963937481884293845e+00,5.837164251663446990e-01
9.969397777095862168e+00,5.813053319137707620e-01
9.975001773963004581e+00,5.789464623941361632e-01
9.980748931625047504e+00,5.766424273623513841e-01
9.986638709221308474e+00,5.743958375733302368e-01
9.992670565891117462e+00,5.722093037819782069e-01
9.998843960773797335e+00,5.700854367432063308e-01
1.000515835300866918e+01,5.680268472119277545e-01
1.001161320173506120e+01,5.660361459430472975e-01
1.001820796609229625e+01,5.641159436914787717e-01
1.002494210521969720e+01,5.622688512121311044e-01
1.003181507825658692e+01,5.604974792599161093e-01
1.003882634434229182e+01,5.588044385897412702e-01
1.004597536261613655e+01,5.571923399565185120e-01
1.005326159221744220e+01,5.556637941151565396e-01
1.005326159221744220e+01,5.556637941151565396e-01
1.006045106226890340e+01,5.542120230746211407e-01
1.006769780729050900e+01,5.528023870501951320e-01
1.007499322377171858e+01,5.514284604038753868e-01
1.008232870820200944e+01,5.500838174976554473e-01
1.008969565707084293e+01,5.487620326935332971e-01
1.009708546686769459e+01,5.474566803535010351e-01
1.010448953408203288e+01,5.461613348395547574e-01
1.011189925520332622e+01,5.448695705136872292e-01
1.011930602672104484e+01,5.435749617378953236e-01
1.012670124512465541e+01,5.422710828741756917e-01
1.013407630690363170e+01,5.409515082845197664e-01
1.014142260854743860e+01,5.396098123309265304e-01
1.014873154654554810e+01,5.382395693753870836e-01
1.015599451738742864e+01,5.368343537798984100e-01
1.016320291756255223e+01,5.353877399064551623e-01
1.017034814356038552e+01,5.338933021170514381e-01
1.017742159187039697e+01,5.323446147736842216e-01
1.018441465898205855e+01,5.307352522383467219e-01
1.019131874138483873e+01,5.290587888730344801e-01
1.019812523556820416e+01,5.273087990397428149e-01
1.019812523556820416e+01,5.273087990397428149e-01
1.020903410359259489e+01,5.243949665789214842e-01
1.021966406904533997e+01,5.213532503011935049e-01
1.023002530850886238e+01,5.181901117762236497e-01
1.024012799856559575e+01,5.149120125736632581e-01
1.024998231579796126e+01,5.115254142631764367e-01
1.025959843678838723e+01,5.080367784144179666e-01
1.026898653811930373e+01,5.044525665970442940e-01
1.027815679637313728e+01,5.007792403807157511e-01
1.028711938813231441e+01,4.970232613350895057e-01
1.029588448997926164e+01,4.931910910298253348e-01
1.030446227849640728e+01,4.892891910345794626e-01
1.031286293026617784e+01,4.853240229190090571e-01
1.032109662187100163e+01,4.813020482527751720e-01
1.032917352989330695e+01,4.772297286055320886e-01
1.033710383091551677e+01,4.731135255469410272e-01
1.034489770152006471e+01,4.689599006466576014e-01
1.035256531828937199e+01,4.647753154743422543e-01
1.036011685780587044e+01,4.605662315996513767e-01
1.036756249665198126e+01,4.563391105922426361e-01
1.037491241141013809e+01,4.521004140217751432e-01
1.037491241141013809e+01,4.521004140217751432e-01
1.038359685412686062e+01,4.469768642400026026e-01
1.039215623500226648e+01,4.418232508062793773e-01
1.040060215516027675e+01,4.366423666406455406e-01
1.040894621572483025e+01,4.314370046631287869e-01
1.041720001781984628e+01,4.262099577937705219e-01
1.042537516256926544e+01,4.209640189526004384e-01
1.043348325109701591e+01,4.157019810596558895e-01
1.044153588452702763e+01,4.104266370349686777e-01
1.044954466398322879e+01,4.051407797985739356e-01
1.045752119058954932e+01,3.998472022705090723e-01
1.046547706546992274e+01,3.945486973708058343e-01
1.047342388974827720e+01,3.892480580194987994e-01
1.048137326454854090e+01,3.839480771366252099e-01
1.048933679099464911e+01,3.786515476422155357e-01
1.049732607021052999e+01,3.733612624563063531e-01
1.050535270332011351e+01,3.680800144989329614e-01
1.051342829144732605e+01,3.628105966901283841e-01
1.052156443571610467e+01,3.575558019499280316e-01
1.052977273725037577e+01,3.523184231983663151e-01
1.053806479717406930e+01,3.471012533554778678e-01
1.053806479717406930e+01,3.471012533554778678e-01
1.054041845980248482e+01,3.457094637103311219e-01
1.054280387492839210e+01,3.443054974129203250e-01
1.054522822002051008e+01,3.428954333190218917e-01
1.054769867254756832e+01,3.414853502844061861e-01
1.055022240997827154e+01,3.400813271648496228e-01
1.055280660978135288e+01,3.386894428161210668e-01
1.055545844942553302e+01,3.373157760939942129e-01
1.055818510637952912e+01,3.359664058542422005e-01
1.056099375811206187e+01,3.346474109526351715e-01
1.056389158209184842e+01,3.333648702449517609e-01
1.056688575578761657e+01,3.321248625869600568e-01
1.056998345666808348e+01,3.309334668344339203e-01
1.057319186220196805e+01,3.297967618431476011e-01
1.057651814985799277e+01,3.287208264688714632e-01
1.057996949710488011e+01,3.277117395673792011e-01
1.058355308141134721e+01,3.267755799944437878e-01
1.058727608024611655e+01,3.259184266058390289e-01
1.059114567107790883e+01,3.251463582573351219e-01
1.059516903137544475e+01,3.244654538047071490e-01
1.059935333860744322e+01,3.238817921037268066e-01
1.059935333860744322e+01,3.238817921037268066e-01
1.060263306873643430e+01,3.235383701309375026e-01
1.060589995023621945e+01,3.233148827235405309e-01
1.060914803588981847e+01,3.232056707854676358e-01
1.061237137848026535e+01,3.232050752206394040e-01
1.061556403079057809e+01,3.233074369329855258e-01
1.061872004560378357e+01,3.235070968264279756e-01
1.062183347570291048e+01,3.237983958048922806e-01
1.062489837387098035e+01,3.241756747723031906e-01
1.062790879289101831e+01,3.246332746325862328e-01
1.063085878554604768e+01,3.251655362896696544e-01
1.063374240461909537e+01,3.257668006474754852e-01
1.063655370289318824e+01,3.264314086099291967e-01
1.063928673315134610e+01,3.271537010809583146e-01
1.064193554817659937e+01,3.279280189644849797e-01
1.064449420075197139e+01,3.287487031644366064e-01
1.064695674366048550e+01,3.296100945847373898e-01
1.064931722968516503e+01,3.305065341293142445e-01
1.065156971160904220e+01,3.314323627020897556e-01
1.065370824221513146e+01,3.323819212069915596e-01
1.065572687428646681e+01,3.333495505479437959e-01
1.065572687428646681e+01,3.333495505479437959e-01
1.065977094957289673e+01,3.354315426340672701e-01
1.066363077365612710e+01,3.375575482096934143e-01
1.066731578496753485e+01,3.397248473322559970e-01
1.067083542193850576e+01,3.419307200591826801e-01
1.067419912300040608e+01,3.441724464479100631e-01
1.067741632658463047e+01,3.464473065558643095e-01
1.068049647112255229e+01,3.487525804404799645e-01
1.068344899504555556e+01,3.510855481591845795e-01
1.068628333678502074e+01,3.534434897694120337e-01
1.068900893477231584e+01,3.558236853285954293e-01
1.069163522743883554e+01,3.582234148941623730e-01
1.069417165321594965e+01,3.606399585235453564e-01
1.069662765053504394e+01,3.630705962741760384e-01
1.069901265782749533e+01,3.655126082034848012e-01
1.070133611352468606e+01,3.679632743689027485e-01
1.070360745605799657e+01,3.704198748278623166e-01
1.070583612385880024e+01,3.728796896377944980e-01
1.070803155535848461e+01,3.753399988561290646e-01
1.071020318898842660e+01,3.777980825402990628e-01
1.071236046318000668e+01,3.802512207477349304e-01
1.071236046318000668e+01,3.802512207477349304e-01
1.071729836099374467e+01,3.864199183729406517e-01
1.072206853873703558e+01,3.926072542200647053e-01
1.072667930736054664e+01,3.988121514536818180e-01
1.073113897781493975e+01,4.050335332383556142e-01
1.073545586105087679e+01,4.112703227386641514e-01
1.073963826801902499e+01,4.175214431191726083e-01
1.074369450967004980e+01,4.237858175444513820e-01
1.074763289695461488e+01,4.300623691790725345e-01
1.075146174082338391e+01,4.363500211876037427e-01
1.075518935222702055e+01,4.426476967346205105e-01
1.075882404211619026e+01,4.489543189846884608e-01
1.076237412144155492e+01,4.552688111023788786e-01
1.076584790115377999e+01,4.615900962522643813e-01
1.076925369220353268e+01,4.679170975989120351e-01
1.077259980554147489e+01,4.742487383068930695e-01
1.077589455211827030e+01,4.805839415407788251e-01
1.077914624288458256e+01,4.869216304651397542e-01
1.078236318879108069e+01,4.932607282445443664e-01
1.078555370078842301e+01,4.996001580435653344e-01
1.078872608982727677e+01,5.059388430267710568e-01
1.078872608982727677e+01,5.059388430267710568e-01
1.079574677996641796e+01,5.206387841991344523e-01
1.080261812054426329e+01,5.353486035121284292e-01
1.080935102479396903e+01,5.500675890176527361e-01
1.081595640594871455e+01,5.647950287676046788e-01
1.082244517724165611e+01,5.795302108138863373e-01
1.082882825190596776e+01,5.942724232083946845e-01
1.083511654317481643e+01,6.090209540030284696e-01
1.084132096428137260e+01,6.237750912496862199e-01
1.084745242845880142e+01,6.385341230002677948e-01
1.085352184894026806e+01,6.532973373066747191e-01
1.085954013895894121e+01,6.680640222208032997e-01
1.086551821174799137e+01,6.828334657945515085e-01
1.087146698054058369e+01,6.976049560798219806e-01
1.087739735856988510e+01,7.123777811285105788e-01
1.088332025906906608e+01,7.271512289925172734e-01
1.088924659527129357e+01,7.419245877237420350e-01
1.089518728040973095e+01,7.566971453740826137e-01
1.090115322771755224e+01,7.714681899954390909e-01
1.090715535042792084e+01,7.862370096397105490e-01
1.091320456177400544e+01,8.010028923587950711e-01
1.091320456177400544e+01,8.010028923587950711e-01
1.091765011508961614e+01,8.117443907161527861e-01
1.092210373180523852e+01,8.224866185696260157e-01
1.092657347532087186e+01,8.332288458660223052e-01
1.093106740903653495e+01,8.439703425521383195e-01
1.093559359635222528e+01,8.547103785747817151e-01
1.094016010066795985e+01,8.654482238807529315e-01
1.094477498538374149e+01,8.761831484168535189e-01
1.094944631389958367e+01,8.869144221298876918e-01
1.095418214961548919e+01,8.976413149666566671e-01
1.095899055593146620e+01,9.083630968739647704e-01
1.096387959624752817e+01,9.190790377986138848e-01
1.096885733396367613e+01,9.297884076874055603e-01
1.097393183247992532e+01,9.404904764871432343e-01
1.097911115519627856e+01,9.511845141446302332e-01
1.098440336551274932e+01,9.618697906066674408e-01
1.098981652682934040e+01,9.725455758200588496e-01
1.099535870254606174e+01,9.832111397316065649e-01
1.100103795606292323e+01,9.938657522881126916e-01
1.100686235077993302e+01,1.004508683436380778e+00
1.101283995009709571e+01,1.015139203123212708e+00
1.101283995009709571e+01,1.015139203123212708e+00
1.101561900677360839e+01,1.019802046627958703e+00
1.101841644521157448e+01,1.024465421308379476e+00
1.102124082016153750e+01,1.029128031118111242e+00
1.102410068637405516e+01,1.033788580010783775e+00
1.102700459859967452e+01,1.038445771940034401e+00
1.102996111158895687e+01,1.043098310859492228e+00
1.103297878009244926e+01,1.047744900722793249e+00
1.103606615886071296e+01,1.052384245483567904e+00
1.103923180264428794e+01,1.057015049095450188e+00
1.104248426619373546e+01,1.061636015512075204e+00
1.104583210425960793e+01,1.066245848687074504e+00
1.104928387159245418e+01,1.070843252574080751e+00
1.105284812294283014e+01,1.075426931126728380e+00
1.105653341306129178e+01,1.079995588298648279e+00
1.106034829669838793e+01,1.084547928043475995e+00
1.106430132860467275e+01,1.089082654314843746e+00
1.106840106353069508e+01,1.093598471066384414e+00
1.107265605622701443e+01,1.098094082251731551e+00
1.107707486144417963e+01,1.102568191824518040e+00
1.108166603393274663e+01,1.107019503738377431e+00
1.108166603393274663e+01,1.107019503738377431e+00
1.108360008244580186e+01,1.108710929248254651e+00
1.108555308133666628e+01,1.110409379814098374e+00
1.108753319377575330e+01,1.112111295973946756e+00
1.108954858293349588e+01,1.113813118265831292e+00
1.109160741198030919e+01,1.115511287227792137e+00
1.109371784408662442e+01,1.117202243397861006e+00
1.109588804242286031e+01,1.118882427314072947e+00
1.109812617015944980e+01,1.120548279514463674e+00
1.110044039046680986e+01,1.122196240537068457e+00
1.110283886651536278e+01,1.123822750919924562e+00
1.110532976147553796e+01,1.125424251201063708e+00
1.110792123851775770e+01,1.126997181918523605e+00
1.111062146081244428e+01,1.128537983610338857e+00
1.111343859153002533e+01,1.130043096814542958e+00
1.111638079384092315e+01,1.131508962069172952e+00
1.111945623091556179e+01,1.132932019912263000e+00
1.112267306592436533e+01,1.134308710881849480e+00
1.112603946203775962e+01,1.135635475515966997e+00
1.112956358242616339e+01,1.136908754352650597e+00
1.113325359026000605e+01,1.138124987929935772e+00
1.113325359026000605e+01,1.138124987929935772e+00
1.113531972705219886e+01,1.138751827407736394e+00
1.113748025716003909e+01,1.139317801450783874e+00
1.113972534757138888e+01,1.139822654916490263e+00
1.114204516527414235e+01,1.140266132662260290e+00
1.114442987725616341e+01,1.140647979545512003e+00
1.114686965050533729e+01,1.140967940423648352e+00
1.114935465200953679e+01,1.141225760154081614e+00
1.115187504875664359e+01,1.141421183594219402e+00
1.115442100773453404e+01,1.141553955601474657e+00
1.115698269593108094e+01,1.141623821033256991e+00
1.115955028033416596e+01,1.141630524746974240e+00
1.116211392793166368e+01,1.141573811600036903e+00
1.116466380571145223e+01,1.141453426449857256e+00
1.116719008066141328e+01,1.141269114153840469e+00
1.116968291976941785e+01,1.141020619569399486e+00
1.117213249002334585e+01,1.140707687553944139e+00
1.117452895841107186e+01,1.140330062964882929e+00
1.117686249192048109e+01,1.139887490659627023e+00
1.117912325753944103e+01,1.139379715495585810e+00
1.118130142225583512e+01,1.138806482330168679e+00
1.118130142225583512e+01,1.138806482330168679e+00
1.118519391714946920e+01,1.137704554072403340e+00
1.118893169063256821e+01,1.136540722540046344e+00
1.119252226449430232e+01,1.135318803173276381e+00
1.119597316052385771e+01,1.134042611412263257e+00
1.119929190051040635e+01,1.132715962697187662e+00
1.120248600624313440e+01,1.131342672468220734e+00
1.120556299951121204e+01,1.129926556165537388e+00
1.120853040210383078e+01,1.128471429229313205e+00
1.121139573581015725e+01,1.126981107099722434e+00
1.121416652241937228e+01,1.125459405216941766e+00
1.121685028372065673e+01,1.123910139021143673e+00
1.121945454150319321e+01,1.122337123952503291e+00
1.122198681755615013e+01,1.120744175451197977e+00
1.122445463366871721e+01,1.119135108957399538e+00
1.122686551163006818e+01,1.117513739911283110e+00
1.122922697322938035e+01,1.115883883753024719e+00
1.123154654025583454e+01,1.114249355922799278e+00
1.123383173449860983e+01,1.112613971860780149e+00
1.123609007774688351e+01,1.110981547007143799e+00
1.123832909178983286e+01,1.109355896802064256e+00
1.123832909178983286e+01,1.109355896802064256e+00
1.124379203354296131e+01,1.105030060588009899e+00
1.124909542589760569e+01,1.100677008792947387e+00
1.125424787386459613e+01,1.096298365861846813e+00
1.125925798245478049e+01,1.091895756239665616e+00
1.126413435667898355e+01,1.087470804371368782e+00
1.126888560154805319e+01,1.083025134701917525e+00
1.127352032207282306e+01,1.078560371676276608e+00
1.127804712326413750e+01,1.074078139739405247e+00
1.128247461013282305e+01,1.069580063336269315e+00
1.128681138768972225e+01,1.065067766911831360e+00
1.129106606094567411e+01,1.060542874911052813e+00
1.129524723491151406e+01,1.056007011778896887e+00
1.129936351459808286e+01,1.051461801960327680e+00
1.130342350501621596e+01,1.046908869900304850e+00
1.130743581117675056e+01,1.042349840043793829e+00
1.131140903809052567e+01,1.037786336835755829e+00
1.131535179076837494e+01,1.033219984721155615e+00
1.131927267422114625e+01,1.028652408144953734e+00
1.132318029345966437e+01,1.024085231552113395e+00
1.132708325349477363e+01,1.019520079387598255e+00
1.132708325349477363e+01,1.019520079387598255e+00
1.133420455259645898e+01,1.010999828790780652e+00
1.134124310601595731e+01,1.002468204850902378e+00
1.134821449819228789e+01,9.939273434122716244e-01
1.135513431356449843e+01,9.853793803191832623e-01
1.136201813657160820e+01,9.768264514159484824e-01
1.136888155165265957e+01,9.682706925468653747e-01
1.137574014324668426e+01,9.597142395562374695e-01
1.138260949579271752e+01,9.511592282883684080e-01
1.138950519372979109e+01,9.426077945875590558e-01
1.139644282149693488e+01,9.340620742981164959e-01
1.140343796353318595e+01,9.255242032643400396e-01
1.141050620427757600e+01,9.169963173305321069e-01
1.141766312816914031e+01,9.084805523409990036e-01
1.142492431964691235e+01,8.999790441400401519e-01
1.143230536314992385e+01,8.914939285719590822e-01
1.143982184311720829e+01,8.830273414810596577e-01
1.144748934398780094e+01,8.745814187116451865e-01
1.145532345020073173e+01,8.661582961080167564e-01
1.146333974619503770e+01,8.577601095144784527e-01
1.147155381640974880e+01,8.493889947753333614e-01
1.147155381640974880e+01,8.493889947753333614e-01
1.147528442867744936e+01,8.457915423295302437e-01
1.147904930120580858e+01,8.421933798854043252e-01
1.148285811922669630e+01,8.385974463179249883e-01
1.148672056797201257e+01,8.350066805020529559e-01
1.149064633267362368e+01,8.314240213127624957e-01
1.149464509856342254e+01,8.278524076250129982e-01
1.149872655087328610e+01,8.242947783137716256e-01
1.150290037483510197e+01,8.207540722540048739e-01
1.150717625568075064e+01,8.172332283206776848e-01
1.151156387864211084e+01,8.137351853887601072e-01
1.151607292895106838e+01,8.102628823332136410e-01
1.152071309183950731e+01,8.068192580290067806e-01
1.152549405253930814e+01,8.034072513511053559e-01
1.153042549628235314e+01,8.000298011744737536e-01
1.153551710830052635e+01,7.966898463740783587e-01
1.154077857382571004e+01,7.933903258248863333e-01
1.154621957808978649e+01,7.901341784018641734e-01
1.155184980632463621e+01,7.869243429799761547e-01
1.155767894376214322e+01,7.837637584341894392e-01
1.156371667563418981e+01,7.806553636394697460e-01
1.156371667563418981e+01,7.806553636394697460e-01
1.156749487388938036e+01,7.788127889387712610e-01
1.157141431179634772e+01,7.770047336935279603e-01
1.157547267963244941e+01,7.752357798858506843e-01
1.157966766767506073e+01,7.735105094978392826e-01
1.158399696620152852e+01,7.718335045116043736e-01
1.158845826548922631e+01,7.702093469092470279e-01
1.159304925581551693e+01,7.686426186728734233e-01
1.159776762745776324e+01,7.671379017845864068e-01
1.160261107069332454e+01,7.656997782264949315e-01
1.160757727579956189e+01,7.643328299807027326e-01
1.161266393305384526e+01,7.630416390293137674e-01
1.161786873273353393e+01,7.618307873544345465e-01
1.162318936511599077e+01,7.607048569381704706e-01
1.162862352047857861e+01,7.596684297626252746e-01
1.163416888909866387e+01,7.587260878099035821e-01
1.163982316125360583e+01,7.578824130621119037e-01
1.164558402722076735e+01,7.571419875013556400e-01
1.165144917727751483e+01,7.565093931097386371e-01
1.165741630170120757e+01,7.559892118693667395e-01
1.166348309076920842e+01,7.555860257623452370e-01
1.166348309076920842e+01,7.555860257623452370e-01
1.167059856442883969e+01,7.551990530941713464e-01
1.167774402997569183e+01,7.549190013265919541e-01
1.168491506225424459e+01,7.547308465720279358e-01
1.169210723610899194e+01,7.546195649428869556e-01
1.169931612638439766e+01,7.545701325515893343e-01
1.170653730792496106e+01,7.545675255105455115e-01
1.171376635557516366e+01,7.545967199321702568e-01
1.172099884417948346e+01,7.546426919288774515e-01
1.172823034858241265e+01,7.546904176130825315e-01
1.173545644362842211e+01,7.547248730972008213e-01
1.174267270416200404e+01,7.547310344936442039e-01
1.174987470502763998e+01,7.546938779148274490e-01
1.175705802106981324e+01,7.545983794731665473e-01
1.176421822713300713e+01,7.544295152810734928e-01
1.177135089806170321e+01,7.541722614509628331e-01
1.177845160870038654e+01,7.538115940952500038e-01
1.178551593389354046e+01,7.533324893263496635e-01
1.179253944848565183e+01,7.527199232566738063e-01
1.179951772732119686e+01,7.519588719986397551e-01
1.180644634524466241e+01,7.510343116646587269e-01
1.180644634524466241e+01,7.510343116646587269e-01
1.181341437410776152e+01,7.499737577768358365e-01
1.182018291014878209e+01,7.487827243583544679e-01
1.182675696739373272e+01,7.474680019345535387e-01
1.183314155986863625e+01,7.460363810307591992e-01
1.183934170159950483e+01,7.444946521723144750e-01
1.184536240661235595e+01,7.428496058845464045e-01
1.185120868893320889e+01,7.411080326927910189e-01
1.185688556258808291e+01,7.392767231223809077e-01
1.186239804160299016e+01,7.373624676986498816e-01
1.186775114000394460e+01,7.353720569469347490e-01
1.187294987181696904e+01,7.333122813925661010e-01
1.187799925106807919e+01,7.311899315608777483e-01
1.188290429178329077e+01,7.290117979772063883e-01
1.188767000798862128e+01,7.267846711668819459e-01
1.189230141371008642e+01,7.245153416552403414e-01
1.189680352297370547e+01,7.222105999676148302e-01
1.190118134980548881e+01,7.198772366293401115e-01
1.190543990823146281e+01,7.175220421657479974e-01
1.190958421227763786e+01,7.151518071021746303e-01
1.191361927597002790e+01,7.127733219639517115e-01
1.191361927597002790e+01,7.127733219639517115e-01
1.192039539043681451e+01,7.085266543694379582e-01
1.192696483986387257e+01,7.042363381727482219e-01
1.193333725847264049e+01,6.999047284291239901e-01
1.193952228048457798e+01,6.955341801938021984e-01
1.194552954012110746e+01,6.911270485220298854e-01
1.195136867160369221e+01,6.866856884690412111e-01
1.195704930915376352e+01,6.822124550900768858e-01
1.196258108699277933e+01,6.777097034403772868e-01
1.196797363934217273e+01,6.731797885751819033e-01
1.197323660042338744e+01,6.686250655497338879e-01
1.197837960445787431e+01,6.640478894192705095e-01
1.198341228566707528e+01,6.594506152390307019e-01
1.198834427827243232e+01,6.548355980642595053e-01
1.199318521649539449e+01,6.502051929501917460e-01
1.199794473455740373e+01,6.455617549520688003e-01
1.200263246667990202e+01,6.409076391251319338e-01
1.200725804708433664e+01,6.362452005246210796e-01
1.201183110999214954e+01,6.315767942057745055e-01
1.201636128962478978e+01,6.269047752238345872e-01
1.202085822020369577e+01,6.222314986340401477e-01
1.202085822020369577e+01,6.222314986340401477e-01
1.202980716329495436e+01,6.125306115400221962e-01
1.203858943353005984e+01,6.028078757726686998e-01
1.204721633947306714e+01,5.930648065892898391e-01
1.205569918968805609e+01,5.833029192471829161e-01
1.206404929273907456e+01,5.735237290036588886e-01
1.207227795719019525e+01,5.637287511160169462e-01
1.208039649160548024e+01,5.539195008415627175e-01
1.208841620454899335e+01,5.440974934375987226e-01
1.209634840458479843e+01,5.342642441614304794e-01
1.210420440027695932e+01,5.244212682703635053e-01
1.211199550018953985e+01,5.145700810216990995e-01
1.211973301288660387e+01,5.047121976727427795e-01
1.212742824693221699e+01,4.948491334807985087e-01
1.213509251089044128e+01,4.849824037031705282e-01
1.214273711332534234e+01,4.751135235971614135e-01
1.215037336280098046e+01,4.652440084200767378e-01
1.215801256788142304e+01,4.553753734292205202e-01
1.216566603713073391e+01,4.455091338818955027e-01
1.217334507911297692e+01,4.356468050354078136e-01
1.218106100239221234e+01,4.257899021470601952e-01
1.218106100239221234e+01,4.257899021470601952e-01
1.218916792505639179e+01,4.154755865772717938e-01
1.219729287390926054e+01,4.051613604188045725e-01
1.220544799393603341e+01,3.948491403050281567e-01
1.221364543012193771e+01,3.845408428693019576e-01
1.222189732745218471e+01,3.742383847449985423e-01
1.223021583091200171e+01,3.639436825654792651e-01
1.223861308548660531e+01,3.536586529641119192e-01
1.224710123616122104e+01,3.433852125742585248e-01
1.225569242792106550e+01,3.331252780292882076e-01
1.226439880575135533e+01,3.228807659625672066e-01
1.227323251463731602e+01,3.126535930074583747e-01
1.228220569956416597e+01,3.024456757973293941e-01
1.229133050551712181e+01,2.922589309655465595e-01
1.230061907748141081e+01,2.820952751454720020e-01
1.231008356044225138e+01,2.719566249704747918e-01
1.231973609938485836e+01,2.618448970739190584e-01
1.232958883929445904e+01,2.517620080891712075e-01
1.233965392515627002e+01,2.417098746495960626e-01
1.234994350195550972e+01,2.316904133885613060e-01
1.236046971467740008e+01,2.217055409394298182e-01
1.236046971467740008e+01,2.217055409394298182e-01
1.236541611998201873e+01,2.172018003336539382e-01
1.237040764326910391e+01,2.127022021739473079e-01
1.237545106967708719e+01,2.082086995824131703e-01
1.238055318434441432e+01,2.037232456811437220e-01
1.238572077240951153e+01,1.992477935922442600e-01
1.239096061901082635e+01,1.947842964378090347e-01
1.239627950928679923e+01,1.903347073399364320e-01
1.240168422837586348e+01,1.859009794207262534e-01
1.240718156141646134e+01,1.814850658022754970e-01
1.241277829354702256e+01,1.770889196066867399e-01
1.241848120990599647e+01,1.727144939560542047e-01
1.242429709563181461e+01,1.683637419724783590e-01
1.243023273586291566e+01,1.640386167780583104e-01
1.243629491573774359e+01,1.597410714948917787e-01
1.244249042039473174e+01,1.554730592450750404e-01
1.244882603497231877e+01,1.512365331507100064e-01
1.245530854460894332e+01,1.470334463338943409e-01
1.246194473444304762e+01,1.428657519167257639e-01
1.246874138961306144e+01,1.387354030213040490e-01
1.247570529525743055e+01,1.346443527697269438e-01
1.247570529525743055e+01,1.346443527697269438e-01
1.247814346317810674e+01,1.333369725196208166e-01
1.248060502988686338e+01,1.320179654551031090e-01
1.248309668075171786e+01,1.306928628224198197e-01
1.248562510114070001e+01,1.293671958678024314e-01
1.248819697642182014e+01,1.280464958374990525e-01
1.249081899196311340e+01,1.267362939777439690e-01
1.249349783313259543e+01,1.254421215347776564e-01
1.249624018529829073e+01,1.241695097548399102e-01
1.249905273382822379e+01,1.229239898841712197e-01
1.250194216409041026e+01,1.217110931690121023e-01
1.250491516145287818e+01,1.205363508556002439e-01
1.250797841128365029e+01,1.194052941901761616e-01
1.251113859895074398e+01,1.183234544189810389e-01
1.251440240982218555e+01,1.172963627882518955e-01
1.251777652926599949e+01,1.163295505442299149e-01
1.252126764265020320e+01,1.154285489331549064e-01
1.252488243534282120e+01,1.145988892012666516e-01
1.252862759271187798e+01,1.138461025948035860e-01
1.253250980012539273e+01,1.131757203600068928e-01
1.253653574295138995e+01,1.125932737431163538e-01
1.253653574295138995e+01,1.125932737431163538e-01
1.253997462989853418e+01,1.122259100085724465e-01
1.254340435447078583e+01,1.119816765282174026e-01
1.254681872490113115e+01,1.118548231234208351e-01
1.255021154942255279e+01,1.118395996155385347e-01
1.255357663626802811e+01,1.119302558259415020e-01
1.255690779367054866e+01,1.121210415759862078e-01
1.256019882986309000e+01,1.124062066870387955e-01
1.256344355307863836e+01,1.127800009804606068e-01
1.256663577155017819e+01,1.132366742776150098e-01
1.256976929351068506e+01,1.137704763998674956e-01
1.257283792719315052e+01,1.143756571685779627e-01
1.257583548083055192e+01,1.150464664051119162e-01
1.257875576265587370e+01,1.157771539308299624e-01
1.258159258090210031e+01,1.165619695670982447e-01
1.258433974380221443e+01,1.173951631352753433e-01
1.258699105958919695e+01,1.182709844567280816e-01
1.258954033649602877e+01,1.191836833528191752e-01
1.259198138275569789e+01,1.201275096449092306e-01
1.259430800660118699e+01,1.210967131543644326e-01
1.259651401626547340e+01,1.220855437025460816e-01
1.259651401626547340e+01,1.220855437025460816e-01
1.260093259243576824e+01,1.241981737899863908e-01
1.260516850322737170e+01,1.263576501181745138e-01
1.260923079249091217e+01,1.285611608263655115e-01
1.261312850407704289e+01,1.308058940538019688e-01
1.261687068183637805e+01,1.330890379397403067e-01
1.262046636961957091e+01,1.354077806234244841e-01
1.262392461127725340e+01,1.377593102441053985e-01
1.262725445066006991e+01,1.401408149410311721e-01
1.263046493161865058e+01,1.425494828534513425e-01
1.263356509800362737e+01,1.449825021206174458e-01
1.263656399366564820e+01,1.474370608817762718e-01
1.263947066245534501e+01,1.499103472761765810e-01
1.264229414822335329e+01,1.523995494430686048e-01
1.264504349482031742e+01,1.549018555217018533e-01
1.264772774609686579e+01,1.574144536513244486e-01
1.265035594590364099e+01,1.599345319711865665e-01
1.265293713809127496e+01,1.624592786205370509e-01
1.265548036651041386e+01,1.649858817386239962e-01
1.265799467501168429e+01,1.675115294646976338e-01
1.266048910744573064e+01,1.700334099380081399e-01
1.266048910744573064e+01,1.700334099380081399e-01
1.266607235669230214e+01,1.761453414936875461e-01
1.267148125076069043e+01,1.822790331469953673e-01
1.267672429189069838e+01,1.884332431668584718e-01
1.268180998232214485e+01,1.946067298221932917e-01
1.268674682429482559e+01,2.007982513819295267e-01
1.269154332004855235e+01,2.070065661149849690e-01
1.269620797182313510e+01,2.132304322902830729e-01
1.270074928185838203e+01,2.194686081767437402e-01
1.270517575239409602e+01,2.257198520432938671e-01
1.270949588567008703e+01,2.319829221588554091e-01
1.271371818392616504e+01,2.382565767923483790e-01
1.271785114940213290e+01,2.445395742126967864e-01
1.272190328433780415e+01,2.508306726888248073e-01
1.272588309097298165e+01,2.571286304896509001e-01
1.272979907154747892e+01,2.634322058841006564e-01
1.273365972830109527e+01,2.697401571410952825e-01
1.273747356347364601e+01,2.760512425295589267e-01
1.274124907930493222e+01,2.823642203184115740e-01
1.274499477803476566e+01,2.886778487765785939e-01
1.274871916190295451e+01,2.949908861729799714e-01
1.274871916190295451e+01,2.949908861729799714e-01
1.275921623091118562e+01,3.134641306935425087e-01
1.276946971607502057e+01,3.319571958380924115e-01
1.277950935948055644e+01,3.504676357473712756e-01
1.278936490321390451e+01,3.689930045621110377e-01
1.279906608936115475e+01,3.875308564230568464e-01
1.280864266000842200e+01,4.060787454709399724e-01
1.281812435724180510e+01,4.246342258465020114e-01
1.282754092314741001e+01,4.431948516904776758e-01
1.283692209981133914e+01,4.617581771436058968e-01
1.284629762931968955e+01,4.803217563466254947e-01
1.285569725375857075e+01,4.988831434402726250e-01
1.286515071521408693e+01,5.174398925652861081e-01
1.287468775577233693e+01,5.359895578624034318e-01
1.288433811751943026e+01,5.545296934723613624e-01
1.289413154254146221e+01,5.730578535358974435e-01
1.290409777292454407e+01,5.915715921937506616e-01
1.291426655075477115e+01,6.100684635866582273e-01
1.292466761811825293e+01,6.285460218553585721e-01
1.293533071710108828e+01,6.470018211405869080e-01
1.294628558978938138e+01,6.654334155830843311e-01
1.294628558978938138e+01,6.654334155830843311e-01
1.295034922232779984e+01,6.719905466792097659e-01
1.295444442732686952e+01,6.785470201425231052e-01
1.295858015261757679e+01,6.851014485655565478e-01
1.296276534603092045e+01,6.916524445408386290e-01
1.296700895539787091e+01,6.981986206609047674e-01
1.297131992854943050e+01,7.047385895182820548e-01
1.297570721331658916e+01,7.112709637055026901e-01
1.298017975753032971e+01,7.177943558150972070e-01
1.298474650902164562e+01,7.243073784395969161e-01
1.298941641562151794e+01,7.308086441715330173e-01
1.299419842516094192e+01,7.372967656034363770e-01
1.299910148547090394e+01,7.437703553278368629e-01
1.300413454438239214e+01,7.502280259372691162e-01
1.300930654972639822e+01,7.566683900242590077e-01
1.301462644933391033e+01,7.630900601813406237e-01
1.302010319103591129e+01,7.694916490010439425e-01
1.302574572266339814e+01,7.758717690759016072e-01
1.303156299204735369e+01,7.822290329984414869e-01
1.303756394701876786e+01,7.885620533611970018e-01
1.304375753540863236e+01,7.948694427566986853e-01
1.304375753540863236e+01,7.948694427566986853e-01
1.304684088760293648e+01,7.977992302641462308e-01
1.304996211504763082e+01,8.007305018324207824e-01
1.305313055715382298e+01,8.036599896308861402e-01
1.305635555333264364e+01,8.065844258288960011e-01
1.305964644299519861e+01,8.095005425958140544e-01
1.306301256555261503e+01,8.124050721009939968e-01
1.306646326041600048e+01,8.152947465137952987e-01
1.307000786699648565e+01,8.181662980035738775e-01
1.307365572470517812e+01,8.210164587396912017e-01
1.307741617295319436e+01,8.238419608915060754e-01
1.308129855115165796e+01,8.266395366283736390e-01
1.308531219871168005e+01,8.294059181196540287e-01
1.308946645504438422e+01,8.321378375347066036e-01
1.309377065956088515e+01,8.348320270428866152e-01
1.309823415167230110e+01,8.374852188135535336e-01
1.310286627078974853e+01,8.400941450160659407e-01
1.310767635632434214e+01,8.426555378197826407e-01
1.311267374768720728e+01,8.451661293940602171e-01
1.311786778428945510e+01,8.476226519082588062e-01
1.312326780554220207e+01,8.500218375317349917e-01
1.312326780554220207e+01,8.500218375317349917e-01
1.312650565310078932e+01,8.513770038163682718e-01
1.312988296919873221e+01,8.526938140363331531e-01
1.313339370759878832e+01,8.539675040444001386e-01
1.313703182206372944e+01,8.551933096933369560e-01
1.314079126635630601e+01,8.563664668359198817e-01
1.314466599423929161e+01,8.574822113249146449e-01
1.314864995947544024e+01,8.585357790130923039e-01
1.315273711582752192e+01,8.595224057532234729e-01
1.315692141705829243e+01,8.604373273980795434e-01
1.316119681693051646e+01,8.612757798004316845e-01
1.316555726920695868e+01,8.620329988130484011e-01
1.316999672765038198e+01,8.627042202887009736e-01
1.317450914602354572e+01,8.632846800801605713e-01
1.317908847808921280e+01,8.637696140401956990e-01
1.318372867761014788e+01,8.641542580215790803e-01
1.318842369834911210e+01,8.644338478770797751e-01
1.319316749406886657e+01,8.646036194594691748e-01
1.319795401853217598e+01,8.646588086215171165e-01
1.320277722550180322e+01,8.645946512159941033e-01
1.320763106874050941e+01,8.644063830956706385e-01
1.320763106874050941e+01,8.644063830956706385e-01
1.321360758783662703e+01,8.640408640383392402e-01
1.321948461332343427e+01,8.635617653044693753e-01
1.322526489751413514e+01,8.629752571109390313e-01
1.323095119272193543e+01,8.622875096746195345e-01
1.323654625126003026e+01,8.615046932123900936e-01
1.324205282544163431e+01,8.606329779411220349e-01
1.324747366757994449e+01,8.596785340776916806e-01
1.325281152998817369e+01,8.586475318389720224e-01
1.325806916497952059e+01,8.575461414418407147e-01
1.326324932486718211e+01,8.563805331031726364e-01
1.326835476196437291e+01,8.551568770398407793e-01
1.327338822858428991e+01,8.538813434687206883e-01
1.327835247704014066e+01,8.525601026066885746e-01
1.328325025964513095e+01,8.511993246706175409e-01
1.328808432871246126e+01,8.498051798773830212e-01
1.329285743655533736e+01,8.483838384438606717e-01
1.329757233548696149e+01,8.469414705869248161e-01
1.330223177782054123e+01,8.454842465234496673e-01
1.330683851586927702e+01,8.440183364703123248e-01
1.331139530194637288e+01,8.425499106443854469e-01
1.331139530194637288e+01,8.425499106443854469e-01
1.332199453873613137e+01,8.389275891773491090e-01
1.333246692681892398e+01,8.352504371220205170e-01
1.334282918186526601e+01,8.315256825899907112e-01
1.335309801954567810e+01,8.277605536928440699e-01
1.336329015553066668e+01,8.239622785421739648e-01
1.337342230549075950e+01,8.201380852495652185e-01
1.338351118509646298e+01,8.162952019266056514e-01
1.339357351001830487e+01,8.124408566848850821e-01
1.340362599592679871e+01,8.085822776359892217e-01
1.341368535849245092e+01,8.047266928915119966e-01
1.342376831338578747e+01,8.008813305630371193e-01
1.343389157627732544e+01,7.970534187621535205e-01
1.344407186283757660e+01,7.932501856004504637e-01
1.345432588873706159e+01,7.894788591895163243e-01
1.346467036964629393e+01,7.857466676409374795e-01
1.347512202123579250e+01,7.820608390663038589e-01
1.348569755917606905e+01,7.784286015772051703e-01
1.349641369913764599e+01,7.748571832852263475e-01
1.350728715679103686e+01,7.713538123019574311e-01
1.351833464780675698e+01,7.679257167389880179e-01
1.351833464780675698e+01,7.679257167389880179e-01
1.352551517302784490e+01,7.657407917943626074e-01
1.353279907465278065e+01,7.635987394396210881e-01
1.354018551776071000e+01,7.615033753934846716e-01
1.354767366743078583e+01,7.594585153746606920e-01
1.355526268874215567e+01,7.574679751018713603e-01
1.356295174677397597e+01,7.555355702938266749e-01
1.357074000660539070e+01,7.536651166692422965e-01
1.357862663331555808e+01,7.518604299468326646e-01
1.358661079198362565e+01,7.501253258453122186e-01
1.359469164768873917e+01,7.484636200833986175e-01
1.360286836551005507e+01,7.468791283798040803e-01
1.361114011052672268e+01,7.453756664532430465e-01
1.361950604781789309e+01,7.439570500224326199e-01
1.362796534246271563e+01,7.426270948060843535e-01
1.363651715954034493e+01,7.413896165229152402e-01
1.364516066412992501e+01,7.402484308916391642e-01
1.365389502131061406e+01,7.392073536309723414e-01
1.366271939616155784e+01,7.382702004596271017e-01
1.367163295376190746e+01,7.374407870963206602e-01
1.368063485919081224e+01,7.367229292597671231e-01
1.368063485919081224e+01,7.367229292597671231e-01
1.368992558722129793e+01,7.360301639263295836e-01
1.369926787705283822e+01,7.354246412034098901e-01
1.370865332321542596e+01,7.348921037453598482e-01
1.371807352023906823e+01,7.344182942065163866e-01
1.372752006265374014e+01,7.339889552412304230e-01
1.373698454498945054e+01,7.335898295038426609e-01
1.374645856177619052e+01,7.332066596486991328e-01
1.375593370754395295e+01,7.328251883301417635e-01
1.376540157682273424e+01,7.324311582025173628e-01
1.377485376414252016e+01,7.320103119201726294e-01
1.378428186403331779e+01,7.315483921374482668e-01
1.379367747102511110e+01,7.310311415086909737e-01
1.380303217964789653e+01,7.304443026882447842e-01
1.381233758443167581e+01,7.297736183304543989e-01
1.382158527990643648e+01,7.290048310896630746e-01
1.383076686060217497e+01,7.281236836202170659e-01
1.383987392104888059e+01,7.271159185764602961e-01
1.384889805577655508e+01,7.259672786127374655e-01
1.385783085931518599e+01,7.246635063833926083e-01
1.386666392619477506e+01,7.231903445427710908e-01
1.386666392619477506e+01,7.231903445427710908e-01
1.387552334971770307e+01,7.215701403971316319e-01
1.388415157968165303e+01,7.198099952759623443e-01
1.389255436601321136e+01,7.179167364718725963e-01
1.390073745863900712e+01,7.158971912774647617e-01
1.390870660748561960e+01,7.137581869853509842e-01
1.391646756247966543e+01,7.115065508881337486e-01
1.392402607354774347e+01,7.091491102784215350e-01
1.393138789061646499e+01,7.066926924488190487e-01
1.393855876361242707e+01,7.041441246919339925e-01
1.394554444246223213e+01,7.015102343003745133e-01
1.395235067709248789e+01,6.987978485667449835e-01
1.395898321742979320e+01,6.960137947836527728e-01
1.396544781340075758e+01,6.931649002437043627e-01
1.397175021493198166e+01,6.902579922395056800e-01
1.397789617195006784e+01,6.872998980636645383e-01
1.398389143438162208e+01,6.842974450087863092e-01
1.398974175215324856e+01,6.812574603674802498e-01
1.399545287519154968e+01,6.781867714323488450e-01
1.400103055342312786e+01,6.750922054960013519e-01
1.400648053677458549e+01,6.719805898510442521e-01
1.400648053677458549e+01,6.719805898510442521e-01
1.401478829853633634e+01,6.669873650102583484e-01
1.402288482757367838e+01,6.619470064754958694e-01
1.403078015643955823e+01,6.568620330834897825e-01
1.403848431768694383e+01,6.517349636709618421e-01
1.404600734386877114e+01,6.465683170746472364e-01
1.405335926753800813e+01,6.413646121312684967e-01
1.406055012124760850e+01,6.361263676775578135e-01
1.406758993755052600e+01,6.308561025502372743e-01
1.407448874899971614e+01,6.255563355860388475e-01
1.408125658814812908e+01,6.202295856216937242e-01
1.408790348754872213e+01,6.148783714939243250e-01
1.409443947975445077e+01,6.095052120394621742e-01
1.410087459731826698e+01,6.041126260950341331e-01
1.410721887279312625e+01,5.987031324973668411e-01
1.411348233873198588e+01,5.932792500831906013e-01
1.411967502768780136e+01,5.878434976892327191e-01
1.412580697221351755e+01,5.823983941522206109e-01
1.413188820486210417e+01,5.769464583088831366e-01
1.413792875818650430e+01,5.714902089959484899e-01
1.414393866473967343e+01,5.660321650501446422e-01
1.414393866473967343e+01,5.660321650501446422e-01
1.415668333117226574e+01,5.541648867809406687e-01
1.416925431306391481e+01,5.422678584957640879e-01
1.418168046731957332e+01,5.303460084018787324e-01
1.419399065084422418e+01,5.184042647065362219e-01
1.420621372054282538e+01,5.064475556169993897e-01
1.421837853332035451e+01,4.944808093405217986e-01
1.423051394608177667e+01,4.825089540843619518e-01
1.424264881573206409e+01,4.705369180557762987e-01
1.425481199917618369e+01,4.585696294620227320e-01
1.426703235331910413e+01,4.466120165103624196e-01
1.427933873506579943e+01,4.346690074080484800e-01
1.429176000132123114e+01,4.227455303623393057e-01
1.430432500899037151e+01,4.108465135804941770e-01
1.431706261497819277e+01,3.989768852697681556e-01
1.433000167618966358e+01,3.871415736374197447e-01
1.434317104952975086e+01,3.753455068907067260e-01
1.435659959190342327e+01,3.635936132368869922e-01
1.437031616021565661e+01,3.518908208832162710e-01
1.438434961137140888e+01,3.402420580369544534e-01
1.439872880227565588e+01,3.286522529053573227e-01
1.439872880227565588e+01,3.286522529053573227e-01
1.440511148135902175e+01,3.237083671914118277e-01
1.441156205233506427e+01,3.187728131643172147e-01
1.441808941502493546e+01,3.138488029467302320e-01
1.442470246924981758e+01,3.089395486612989128e-01
1.443141011483085734e+01,3.040482624306806714e-01
1.443822125158922987e+01,2.991781563775255948e-01
1.444514477934609964e+01,2.943324426244857128e-01
1.445218959792262936e+01,2.895143332942136660e-01
1.445936460713998528e+01,2.847270405093635937e-01
1.446667870681932300e+01,2.799737763925883027e-01
1.447414079678181942e+01,2.752577530665391015e-01
1.448175977684863014e+01,2.705821826538693520e-01
1.448954454684092141e+01,2.659502772772311396e-01
1.449750400657986305e+01,2.613652490592778266e-01
1.450564705588661418e+01,2.568303101226615537e-01
1.451398259458234108e+01,2.523486725900350169e-01
1.452251952248820643e+01,2.479235485840522446e-01
1.453126673942537650e+01,2.435581502273626020e-01
1.454023314521501575e+01,2.392556896426222546e-01
1.454942763967828867e+01,2.350193789524818166e-01
1.454942763967828867e+01,2.350193789524818166e-01
1.455306141950623200e+01,2.334642513013388820e-01
1.455672998395213114e+01,2.319056912024451966e-01
1.456043859159203713e+01,2.303490290747430835e-01
1.456419250100202234e+01,2.287995953371650681e-01
1.456799697075812716e+01,2.272627204086589414e-01
1.457185725943642751e+01,2.257437347081572843e-01
1.457577862561297266e+01,2.242479686546009487e-01
1.457976632786382609e+01,2.227807526669273175e-01
1.458382562476504773e+01,2.213474171640759103e-01
1.458796177489268864e+01,2.199532925649889392e-01
1.459218003682281406e+01,2.186037092886010669e-01
1.459648566913148215e+01,2.173039977538531731e-01
1.460088393039475285e+01,2.160594883796853882e-01
1.460538007918868253e+01,2.148755115850337905e-01
1.460997937408933467e+01,2.137573977888384824e-01
1.461468707367276210e+01,2.127104774100383178e-01
1.461950843651502652e+01,2.117400808675741486e-01
1.462444872119218431e+01,2.108515385803826636e-01
1.462951318628029895e+01,2.100501809674019671e-01
1.463470709035542683e+01,2.093413384475743266e-01
1.463470709035542683e+01,2.093413384475743266e-01
1.463912779083541693e+01,2.088368577611632027e-01
1.464357445187770246e+01,2.084525263944446427e-01
1.464803861700183774e+01,2.081843651257589967e-01
1.465251182972737887e+01,2.080283947334397310e-01
1.465698563357387485e+01,2.079806359958285833e-01
1.466145157206088889e+01,2.080371096912590201e-01
1.466590118870797710e+01,2.081938365980693373e-01
1.467032602703469735e+01,2.084468374945957214e-01
1.467471763056059686e+01,2.087921331591778840e-01
1.467906754280523884e+01,2.092257443701506237e-01
1.468336730728817940e+01,2.097436919058515703e-01
1.468760846752897287e+01,2.103419965446189921e-01
1.469178256704717178e+01,2.110166790647897972e-01
1.469588114936233936e+01,2.117637602446995337e-01
1.469989575799402814e+01,2.125792608626864977e-01
1.470381793646179247e+01,2.134592016970875694e-01
1.470763922828519021e+01,2.143996035262417388e-01
1.471135117698377925e+01,2.153964871284838323e-01
1.471494532607711214e+01,2.164458732821507858e-01
1.471841321908474498e+01,2.175437827655822554e-01
1.471841321908474498e+01,2.175437827655822554e-01
1.472416998958885337e+01,2.194910980954550561e-01
1.472974514792979406e+01,2.215044376984130203e-01
1.473514685577766414e+01,2.235800961575603318e-01
1.474038327480260513e+01,2.257143680559977883e-01
1.474546256667471056e+01,2.279035479768344030e-01
1.475039289306411305e+01,2.301439305031688642e-01
1.475518241564092392e+01,2.324318102181081591e-01
1.475983929607526335e+01,2.347634817047537237e-01
1.476437169603724797e+01,2.371352395462091034e-01
1.476878777719698910e+01,2.395433783255812576e-01
1.477309570122461224e+01,2.419841926259702625e-01
1.477730362979022871e+01,2.444539770304823834e-01
1.478141972456395692e+01,2.469490261222190841e-01
1.478545214721591350e+01,2.494656344842859641e-01
1.478940905941622219e+01,2.520000966997844594e-01
1.479329862283499253e+01,2.545487073518201693e-01
1.479712899914234114e+01,2.571077610234973054e-01
1.480090835000839000e+01,2.596735522979172761e-01
1.480464483710325396e+01,2.622423757581857640e-01
1.480834662209704788e+01,2.648105259874055650e-01
1.480834662209704788e+01,2.648105259874055650e-01
1.481628412221740376e+01,2.706626354818300606e-01
1.482403856012786569e+01,2.765491953538044556e-01
1.483162257366450021e+01,2.824677772920865526e-01
1.483904880066338450e+01,2.884159529854258830e-01
1.484632987896057799e+01,2.943912941225843016e-01
1.485347844639216319e+01,3.003913723923100076e-01
1.486050714079421553e+01,3.064137594833580280e-01
1.486742860000279798e+01,3.124560270844812804e-01
1.487425546185399128e+01,3.185157468844369011e-01
1.488100036418385663e+01,3.245904905719799172e-01
1.488767594482847301e+01,3.306778298358619139e-01
1.489429484162391049e+01,3.367753363648379183e-01
1.490086969240624093e+01,3.428805818476636791e-01
1.490741313501154153e+01,3.489911379730914476e-01
1.491393780727587703e+01,3.551045764298755292e-01
1.492045634703532464e+01,3.612184689067716725e-01
1.492698139212595088e+01,3.673303870925335723e-01
1.493352558038383293e+01,3.734379026759148679e-01
1.494010154964503734e+01,3.795385873456705306e-01
1.494672193774563951e+01,3.856300127905543107e-01
1.494672193774563951e+01,3.856300127905543107e-01
1.495222829925872432e+01,3.906552578871373416e-01
1.495774198076969874e+01,3.956821413556795286e-01
1.496327325788124440e+01,4.007082905929271743e-01
1.496883240619606070e+01,4.057313329956176995e-01
1.497442970131682749e+01,4.107488959605022916e-01
1.498007541884623883e+01,4.157586068843190374e-01
1.498577983438698880e+01,4.207580931638136290e-01
1.499155322354176256e+01,4.257449821957268177e-01
1.499740586191325420e+01,4.307169013768036847e-01
1.500334802510414534e+01,4.356714781037892004e-01
1.500938998871713004e+01,4.406063397734241160e-01
1.501554202835490059e+01,4.455191137824535130e-01
1.502181441962014397e+01,4.504074275276202521e-01
1.502821743811555066e+01,4.552689084056672497e-01
1.503476135944380765e+01,4.601011838133381437e-01
1.504145645920761076e+01,4.649018811473764612e-01
1.504831301300964341e+01,4.696686278045258400e-01
1.505534129645259789e+01,4.743990511815291966e-01
1.506255158513916648e+01,4.790907786751308350e-01
1.506995415467203436e+01,4.837414376820722839e-01
1.506995415467203436e+01,4.837414376820722839e-01
1.507380866504291994e+01,4.860165346882509563e-01
1.507772688820131535e+01,4.882893666075908135e-01
1.508171551026538815e+01,4.905547492546268873e-01
1.508578121735332545e+01,4.928074984438886585e-01
1.508993069558328415e+01,4.950424299899131575e-01
1.509417063107345669e+01,4.972543597072284771e-01
1.509850770994201241e+01,4.994381034103696493e-01
1.510294861830713131e+01,5.015884769138660992e-01
1.510750004228698806e+01,5.037002960322535250e-01
1.511216866799975378e+01,5.057683765800642384e-01
1.511696118156360846e+01,5.077875343718289969e-01
1.512188426909672856e+01,5.097525852220815556e-01
1.512694461671728874e+01,5.116583449453546706e-01
1.513214891054346367e+01,5.134996293561792102e-01
1.513750383669343336e+01,5.152712542690889297e-01
1.514301608128536891e+01,5.169680354986159188e-01
1.514869233043745034e+01,5.185847888592939325e-01
1.515453927026784875e+01,5.201163301656529514e-01
1.516056358689474415e+01,5.215574752322273966e-01
1.516677196643630943e+01,5.229030398735502461e-01
1.516677196643630943e+01,5.229030398735502461e-01
1.517138505303414320e+01,5.238163534608778482e-01
1.517609342488013979e+01,5.246293907180081817e-01
1.518088715069205463e+01,5.253433752709268934e-01
1.518575629918766978e+01,5.259595307456085278e-01
1.519069093908473711e+01,5.264790807680422846e-01
1.519568113910103868e+01,5.269032489642028194e-01
1.520071696795434057e+01,5.272332589600734476e-01
1.520578849436240887e+01,5.274703343816330436e-01
1.521088578704301497e+01,5.276156988548659221e-01
1.521599891471391786e+01,5.276705760057520678e-01
1.522111794609289603e+01,5.276361894602715763e-01
1.522623294989771736e+01,5.275137628444047655e-01
1.523133399484614259e+01,5.273045197841363940e-01
1.523641114965594490e+01,5.270096839054417837e-01
1.524145448304489570e+01,5.266304788343065812e-01
1.524645406373075929e+01,5.261681281967102164e-01
1.525139996043130175e+01,5.256238556186342281e-01
1.525628224186429804e+01,5.249988847260572689e-01
1.526109097674751247e+01,5.242944391449642083e-01
1.526581623379871111e+01,5.235117425013332548e-01
1.526581623379871111e+01,5.235117425013332548e-01
1.527283711422679247e+01,5.222509513996078656e-01
1.527972508995867429e+01,5.209033087574437282e-01
1.528648591467172579e+01,5.194735971057108381e-01
1.529312534204332863e+01,5.179665989752680888e-01
1.529964912575083602e+01,5.163870968969906938e-01
1.530606301947163139e+01,5.147398734017376576e-01
1.531237277688308396e+01,5.130297110203775324e-01
1.531858415166256293e+01,5.112613922837745406e-01
1.532470289748744463e+01,5.094396997227957913e-01
1.533073476803509294e+01,5.075694158683092816e-01
1.533668551698288240e+01,5.056553232511779017e-01
1.534256089800818401e+01,5.037022044022679834e-01
1.534836666478836875e+01,5.017148418524475240e-01
1.535410857100081117e+01,4.996980181325793580e-01
1.535979237032287692e+01,4.976565157735314271e-01
1.536542381643193877e+01,4.955951173061693971e-01
1.537100866300537128e+01,4.935186052613604324e-01
1.537655266372054186e+01,4.914317621699674787e-01
1.538206157225482151e+01,4.893393705628584223e-01
1.538754114228558478e+01,4.872462129708996503e-01
1.538754114228558478e+01,4.872462129708996503e-01
1.539739581396548118e+01,4.833154989467484119e-01
1.540718081213813662e+01,4.793595765004386999e-01
1.541690218379093302e+01,4.753806176864699418e-01
1.542656597591127898e+01,4.713807945593331272e-01
1.543617823548654222e+01,4.673622791735311255e-01
1.544574500950413132e+01,4.633272435835542602e-01
1.545527234495142999e+01,4.592778598438998494e-01
1.546476628881583792e+01,4.552163000090616585e-01
1.547423288808473707e+01,4.511447361335377271e-01
1.548367818974551469e+01,4.470653402718252623e-01
1.549310824078557403e+01,4.429802844784174742e-01
1.550252908819229880e+01,4.388917408078102378e-01
1.551194677895307805e+01,4.348018813145008710e-01
1.552136736005530793e+01,4.307128780529838052e-01
1.553079687848637924e+01,4.266269030777549709e-01
1.554024138123368282e+01,4.225461284433110198e-01
1.554970691528460414e+01,4.184727262041470497e-01
1.555919952762653757e+01,4.144088684147583801e-01
1.556872526524687750e+01,4.103567271296422736e-01
1.557829017513300940e+01,4.063184744032931617e-01
1.557829017513300940e+01,4.063184744032931617e-01
1.559117393065231383e+01,4.008681000084676760e-01
1.560405990137491550e+01,3.954170493186534019e-01
1.561694145069276018e+01,3.899631864895501954e-01
1.562981194199782209e+01,3.845043756768503074e-01
1.564266473868203278e+01,3.790384810362577572e-01
1.565549320413736467e+01,3.735633667234640187e-01
1.566829070175577243e+01,3.680768968941690589e-01
1.568105059492920539e+01,3.625769357040670715e-01
1.569376624704962708e+01,3.570613473088580236e-01
1.570643102150897619e+01,3.515279958642388847e-01
1.571903828169922335e+01,3.459747455259054583e-01
1.573158139101232322e+01,3.403994604495554355e-01
1.574405371284021982e+01,3.348000047908873400e-01
1.575644861057488022e+01,3.291742427055968645e-01
1.576875944760825732e+01,3.235200383493797016e-01
1.578097958733230399e+01,3.178352558779357073e-01
1.579310239313897135e+01,3.121177594469605743e-01
1.580512122842022471e+01,3.063654132121520490e-01
1.581702945656801162e+01,3.005760813292072675e-01
1.582882044097429031e+01,2.947476279538232546e-01
1.582882044097429031e+01,2.947476279538232546e-01
1.583815114393481416e+01,2.901385959061323350e-01
1.584742464694055286e+01,2.855124169393875588e-01
1.585664473751654135e+01,2.808702052133762450e-01
1.586581520318782346e+01,2.762130748878772191e-01
1.587493983147942167e+01,2.715421401226764120e-01
1.588402240991639225e+01,2.668585150775534265e-01
1.589306672602376480e+01,2.621633139122914180e-01
1.590207656732658847e+01,2.574576507866705999e-01
1.591105572134989288e+01,2.527426398604769031e-01
1.592000797561871295e+01,2.480193952934919566e-01
1.592893711765809428e+01,2.432890312454968895e-01
1.593784693499307714e+01,2.385526618762746909e-01
1.594674121514869469e+01,2.338114013456085161e-01
1.595562374564999075e+01,2.290663638132786617e-01
1.596449831402200026e+01,2.243186634390695600e-01
1.597336870778976348e+01,2.195694143827623124e-01
1.598223871447831712e+01,2.148197308041412956e-01
1.599111212161270501e+01,2.100707268629869173e-01
1.599999271671795853e+01,2.053235167190815003e-01
1.600888428731912327e+01,2.005792145322088660e-01
