step,energy_hartree,energy_error_hartree,mse,mae,loss,next_update_accepted,scf_converged,scf_cycles
0,-0.5242379517221755,0.6274345932390658,0.393674168793072,0.6274345932390658,1.0211087620321377,True,True,7
1,-0.5276777604399779,0.6239947845212633,0.38936949110973784,0.6239947845212633,1.0133642756310013,True,True,7
2,-0.5310706086278771,0.6206019363333641,0.38514676338072096,0.6206019363333641,1.005748699714085,True,True,7
3,-0.5344260974969336,0.6172464474643077,0.38099317690730833,0.6172464474643077,0.9982396243716161,True,True,8
4,-0.5377651049483615,0.6139074400128798,0.3768823449031676,0.6139074400128798,0.9907897849160474,True,True,8
5,-0.5411067717450605,0.6105657732161808,0.3727905634230727,0.6105657732161808,0.9833563366392535,True,True,8
6,-0.544466375046981,0.6072061699142602,0.3686993327819455,0.6072061699142602,0.9759055026962057,True,True,8
7,-0.5478556038437962,0.6038169411174451,0.3645948983804282,0.6038169411174451,0.9684118394978732,True,True,8
8,-0.5512817525227665,0.6003907924384748,0.36046910364489976,0.6003907924384748,0.9608598960833745,True,True,8
9,-0.5547491426014842,0.596923402359757,0.35631754828474843,0.596923402359757,0.9532409506445054,True,True,8
10,-0.5582610870351657,0.5934114579260755,0.3521371583979505,0.5934114579260755,0.945548616324026,True,True,8
11,-0.5618210564691185,0.5898514884921228,0.3479247784763728,0.5898514884921228,0.9377762669684956,True,True,8
12,-0.5654331329977439,0.5862394119634974,0.3436766481393072,0.5862394119634974,0.9299160601028046,True,True,8
13,-0.5691020114082935,0.5825705335529477,0.33938842656416623,0.5825705335529477,0.921958960117114,True,True,8
14,-0.5728326655126411,0.5788398794486002,0.33505560604006995,0.5788398794486002,0.9138954854886702,True,True,8
15,-0.5766297910642865,0.5750427538969548,0.3306741688093937,0.5750427538969548,0.9057169227063485,True,True,8
16,-0.5804972592588942,0.5711752857023471,0.32624120699715786,0.5711752857023471,0.897416492699505,True,True,8
17,-0.5844378052318611,0.5672347397293802,0.3217552499558577,0.5672347397293802,0.8889899896852379,True,True,8
18,-0.5884529651856233,0.563219579775618,0.3172162950426237,0.563219579775618,0.8804358748182417,True,True,8
19,-0.5925431309804684,0.5591294139807729,0.31262570157848246,0.5591294139807729,0.8717551155592553,True,True,8
20,-0.5967076207124222,0.554964924248819,0.30798606714649746,0.554964924248819,0.8629509913953165,True,True,8
21,-0.6009447334793532,0.5507278114818881,0.3033011223396301,0.5507278114818881,0.8540289338215181,True,True,8
22,-0.6052517869089113,0.5464207580523299,0.2985756448304829,0.5464207580523299,0.8449964028828129,True,True,8
23,-0.6096251474382502,0.542047397522991,0.29381538116144745,0.542047397522991,0.8358627786844385,True,True,8
24,-0.6140602679326966,0.5376122770285446,0.28902696041181664,0.5376122770285446,0.8266392374403613,True,True,8
25,-0.6185517453991118,0.5331207995621294,0.28421778692576416,0.5331207995621294,0.8173385864878936,True,True,8
26,-0.6230934061759916,0.5285791387852496,0.2793959059589562,0.5285791387852496,0.8079750447442059,True,True,8
27,-0.6276784194766456,0.5239941254845957,0.2745698435423662,0.5239941254845957,0.7985639690269619,True,True,8
28,-0.6322994342192444,0.5193731107419969,0.26974842816181854,0.5193731107419969,0.7891215389038154,True,True,8
29,-0.636948730200902,0.5147238147603392,0.264940605481436,0.5147238147603392,0.7796644202417753,True,True,8
30,-0.6416183735430656,0.5100541714181757,0.26015525778108173,0.5100541714181757,0.7702094291992574,True,True,8
31,-0.6463003673938978,0.5053721775673434,0.2554010378591585,0.5053721775673434,0.7607732154265019,True,True,8
32,-0.6509867909212794,0.5006857540399619,0.2506862242985652,0.5006857540399619,0.751371978338527,True,True,8
33,-0.6556699217567902,0.4960026232044511,0.2460186022256967,0.4960026232044511,0.7420212254301478,True,True,8
34,-0.6603423389030554,0.4913302060581859,0.2414053713851794,0.4913302060581859,0.7327355774433653,True,True,8
35,-0.6649970046496473,0.486675540311594,0.23685308153758194,0.486675540311594,0.723528621849176,True,True,8
36,-0.6696273252917544,0.4820452196694869,0.23236759380620386,0.4820452196694869,0.7144128134756907,True,True,8
37,-0.6742271914580027,0.4774453535032386,0.22795406558183245,0.4774453535032386,0.705399419085071,True,True,8
38,-0.6787909996850328,0.4728815452762085,0.22361695586281485,0.4728815452762085,0.6964985011390233,True,True,8
39,-0.6833136575733685,0.4683588873878728,0.2193600473952061,0.4683588873878728,0.6877189347830789,True,True,8
40,-0.6877905754291712,0.46388196953207006,0.21518648165695237,0.46388196953207006,0.6790684511890225,True,True,8
41,-0.692217647697746,0.4594548972634953,0.21109880261940903,0.4594548972634953,0.6705536998829044,True,True,8
42,-0.6965912276626891,0.45508131729855217,0.20709900535418552,0.45508131729855217,0.6621803226527376,True,True,8
43,-0.7009080987738292,0.45076444618741207,0.20318858594664432,0.45076444618741207,0.6539530321340564,True,True,8
44,-0.7051654455823001,0.4465070993789412,0.19936858979579564,0.4465070993789412,0.6458756891747368,True,True,8
45,-0.7093608266596372,0.4423117183016041,0.19563965614691758,0.4423117183016041,0.6379513744485217,True,True,8
46,-0.7134921511497587,0.43818039381148255,0.19200205752078595,0.43818039381148255,0.6301824513322685,True,True,8
47,-0.7175576598431538,0.4341148851180875,0.1884557334810903,0.4341148851180875,0.6225706185991778,True,True,7
48,-0.7215559109513258,0.4301166340099155,0.18500031885201962,0.4301166340099155,0.6151169528619351,True,True,7
49,-0.7254857701528253,0.42618677480841594,0.18163516702159943,0.42618677480841594,0.6078219418300154,True,True,7
50,-0.729346404014282,0.4223261409469593,0.17835936932715094,0.4223261409469593,0.6006855102741102,True,True,7
51,-0.7331372755779222,0.4185352693833191,0.1751717717177675,0.4185352693833191,0.5937070411010865,True,True,7
52,-0.7368581407551708,0.4148144042060705,0.17207098993683725,0.4148144042060705,0.5868853941429077,True,True,7
53,-0.7405090441671033,0.411163500794138,0.16905542438529111,0.411163500794138,0.5802189251794291,True,True,7
54,-0.7440903132094214,0.40758223175181985,0.16612327563979418,0.40758223175181985,0.5737055073916141,True,True,7
55,-0.7476025493653095,0.4040699955959318,0.16327256134089635,0.4040699955959318,0.5673425569368282,True,True,7
56,-0.7510466161096457,0.40062592885159554,0.1605011348682037,0.40062592885159554,0.5611270637197993,True,True,7
57,-0.7544236231037358,0.3972489218575055,0.1578067059169505,0.3972489218575055,0.5550556277744559,True,True,7
58,-0.757734906732528,0.3939376382287133,0.15518686281321661,0.3939376382287133,0.5491245010419299,True,True,7
59,-0.760982007351548,0.3906905376096933,0.15263909617775118,0.3906905376096933,0.5433296337874445,True,True,7
60,-0.7641666438626797,0.38750590109856153,0.15016082338620815,0.38750590109856153,0.5376667244847697,True,True,7
61,-0.7672906864101529,0.3843818585510884,0.14774941318318893,0.3843818585510884,0.5321312717342773,True,True,7
62,-0.7703561280758502,0.3813164168853911,0.14540220978631338,0.3813164168853911,0.5267186266717044,True,True,7
63,-0.7733650564609721,0.3783074885002692,0.1431165558553813,0.3783074885002692,0.5214240443556505,True,True,7
64,-0.7763196259814316,0.3753529189798097,0.1408898137866636,0.3753529189798097,0.5162427327664733,True,True,7
65,-0.7792220315940495,0.3724505133671918,0.13871938490748473,0.3724505133671918,0.5111698982746765,True,True,7
66,-0.7820744845281559,0.3695980604330854,0.13660272627589864,0.3695980604330854,0.506200786708984,True,True,7
67,-0.7848791904404878,0.36679335452075346,0.13453736492058713,0.36679335452075346,0.5013307194413406,True,True,7
68,-0.7876383302552694,0.36403421470597186,0.13252090947659362,0.36403421470597186,0.4965551241825655,True,True,7
69,-0.7903540438078136,0.3613185011534277,0.13055105927575952,0.3613185011534277,0.49186956042918717,True,True,7
70,-0.7930284162864258,0.35864412867481543,0.12862561103291756,0.35864412867481543,0.487269739707733,True,True,7
71,-0.79566346736793,0.35600907759331124,0.12674246332884032,0.35600907759331124,0.48275154092215156,True,True,7
72,-0.7982611428677511,0.3534114020934902,0.12489961912968661,0.3534114020934902,0.4783110212231768,True,True,7
73,-0.800823308675003,0.3508492362862383,0.12309518660263669,0.3508492362862383,0.473944422888875,True,True,7
74,-0.8033517467136141,0.3483207982476272,0.1213273784918642,0.3483207982476272,0.4696481767394914,True,True,7
75,-0.805848152658829,0.34582439230241224,0.11959451031133272,0.34582439230241224,0.46541890261374497,True,True,7
76,-0.8083141351404831,0.34335840982075816,0.11789499759463971,0.34335840982075816,0.4612534074153979,True,True,7
77,-0.8107512161768025,0.3409213287844388,0.11622735242014744,0.3409213287844388,0.45714868120458624,True,True,7
78,-0.8131608326017133,0.3385117123595279,0.11459017940457977,0.3385117123595279,0.4531018917641077,True,True,7
79,-0.8155443382721385,0.3361282066891028,0.11298217133203223,0.3361282066891028,0.449110378021135,True,True,7
80,-0.8179030068671871,0.3337695380940542,0.1114021045595183,0.3337695380940542,0.44517164265357245,True,True,7
81,-0.820238035116938,0.3314345098443032,0.10984883431573353,0.3314345098443032,0.4412833441600368,True,True,7
82,-0.8225505463234042,0.3291219986378371,0.10832128998736444,0.3291219986378371,0.43744328862520154,True,True,7
83,-0.8248415940594633,0.32683095090177794,0.10681847046736039,0.32683095090177794,0.4336494213691383,True,True,7
84,-0.8271121659526155,0.3245603790086258,0.10533943962222281,0.3245603790086258,0.4298998186308486,True,True,7
85,-0.82936318747907,0.32230935748217127,0.10388332192057007,0.32230935748217127,0.42619267940274136,True,True,7
86,-0.8315955257098819,0.32007701925135934,0.10244929825283505,0.32007701925135934,0.4225263175041944,True,True,7
87,-0.8338099929647238,0.3178625519965175,0.10103660196173878,0.3178625519965175,0.4188991539582562,True,True,7
88,-0.8360073503405011,0.31566519462074016,0.09964451509494976,0.31566519462074016,0.4153097097156899,True,True,7
89,-0.8381883110916729,0.31348423386956836,0.09827236488479023,0.31348423386956836,0.4117565987543586,True,True,7
90,-0.8403535438469979,0.3113190011142434,0.09691952045477027,0.3113190011142434,0.40823852156901363,True,True,7
91,-0.842503675653726,0.3091688693075153,0.09558538974888747,0.3091688693075153,0.4047542590564028,True,True,7
92,-0.8446392948452548,0.3070332501159865,0.09426941667678591,0.3070332501159865,0.4013026667927724,True,True,7
93,-0.8467609537321324,0.3049115912291088,0.09297107846586715,0.3049115912291088,0.397882669694976,True,True,7
94,-0.8488691711192186,0.3028033738420227,0.09168988321011176,0.3028033738420227,0.3944932570521345,True,True,7
95,-0.850964434653987,0.3007081103072543,0.09042536760455983,0.3007081103072543,0.39113347791181413,True,True,7
96,-0.8530472030125018,0.29862534194873946,0.08917709485400158,0.29862534194873946,0.387802436802741,True,True,7
97,-0.8551179079306221,0.29655463703061913,0.08794465274436226,0.29655463703061913,0.3844992897749814,True,True,7
98,-0.8571769560886707,0.29449558887257055,0.0867276518654021,0.29449558887257055,0.38122324073797265,True,True,7
99,-0.8592247308581059,0.29244781410313536,0.08552572397370202,0.29244781410313536,0.37797353807683737,True,True,7
100,-0.8612615939188534,0.2904109510423879,0.08433852048534422,0.2904109510423879,0.37474947152773214,,True,7
